"Date";"MICROSOFT";"SANDP";"CPI";"INDPRO";"M1SUPPLY";"CCREDIT";"BMINUSA";"USTB3M";"USTB10Y";"rmsoft";"rsandp";"inflation";"dspread";"dcredit";"dprod";"dmoney";"dinflation";"rterm";"ustb3mmonth";"ersandp";"ermsoft"
1986-03-01;0,095486;238,899994;108,8;56,5414;624,3;606,799;1,5;6,76;7,78;NA;NA;NA;NA;NA;NA;NA;NA;NA;0,563333333333333;NA;NA
1986-04-01;0,111979;235,520004;108,6;56,5654;647;614,3669;1,4;6,24;7,3;15,9331713833096;-1,42491766924451;-0,183992692200796;-9,99999999999996;756,790000000001;2,39999999999938;2270;NA;4,00000000000009;0,52;-1,94491766924451;15,4131713833096
1986-05-01;0,121528;247,350006;108,9;56,685;645,7;621,9152;1,2;6,33;7,71;8,18333351905896;4,90085094066357;0,275862243907987;-20,0000000000001;754,830000000004;11,9600000000005;-129,999999999995;45,9854936108783;31,9999999999999;0,5275;4,37335094066357;7,65583351905896
1986-06-01;0,106771;250,839996;109,5;56,4959;662,8;627,891;1,21;6,4;7,8;-12,9458334832252;1,4010907797557;0,5494519317641;0,999999999999979;597,579999999994;-18,9100000000003;1709,99999999999;27,3589687856113;2,00000000000005;0,533333333333333;0,867757446422365;-13,4791668165585
1986-07-01;0,098958;236,119995;109,5;56,8096;673,4;633,6083;1,28;6;7,3;-7,59908363790394;-6,04751405315849;0;7,00000000000003;571,730000000002;31,3700000000004;1060;-54,94519317641;-10,0000000000001;0,5;-6,54751405315849;-8,09908363790394
1986-08-01;0,098958;252,929993;109,7;56,7348;678,4;640,5126;1,46;5,69;7,17;0;6,87726137302374;0,182481802462942;18;690,430000000003;-7,48000000000033;500;18,2481802462942;18;0,474166666666667;6,40309470635707;-0,474166666666667
1986-09-01;0,09809;231,320007;110,2;56,8483;684,5;649,888;1,31;5,35;7,45;-0,881009311784586;-8,93106793759255;0,454752943762937;-15;937,540000000001;11,3500000000002;610,000000000002;27,2271141299996;62;0,445833333333333;-9,37690127092588;-1,32684264511792
1986-10-01;0,134549;243,979996;110,3;57,1179;692,2;656,736;1,38;5,32;7,43;31,6043020387726;5,3284174774678;0,090702954064259;7,00000000000021;684,799999999996;26,9599999999997;770,000000000005;-36,4049989698678;0,999999999999979;0,443333333333333;4,88508414413446;31,1609687054393
1986-11-01;0,172743;249,220001;110,4;57,3826;708,8;656,898;1,39;5,5;7,25;24,987649587875;2,12498062014355;0,0906207583538432;0,999999999999979;16,2000000000035;26,4699999999998;1659,99999999999;-0,00821957104157889;-35,9999999999999;0,458333333333333;1,66664728681021;24,5293162545417
1986-12-01;0,167535;242,169998;110,5;57,8627;739,8;666,355;1,48;5,68;7,11;-3,06126561818014;-2,86960939134913;0,0905387114812584;8,99999999999999;945,699999999999;48,01;3100;-0,008204687258484;-32;0,473333333333333;-3,34294272468246;-3,53459895151348
1987-01-01;0,253906;274,079987;111,2;57,6873;737,1;655,3281;1,36;5,58;7,08;41,5771835121443;12,3780036530653;0,631486085867383;-11,9999999999999;-1102,69000000001;-17,5399999999996;-269,999999999993;54,0947374386125;7,00000000000003;0,465;11,9130036530653;41,1121835121443
1987-02-01;0,266493;284,200012;111,6;58,4361;717,1;648,0779;1,27;5,75;7,25;4,8383857062078;3,62582707423833;0,35906681307285;-9,00000000000016;-725,019999999995;74,8800000000003;-2000;-27,2419272794533;0;0,479166666666667;3,14666040757166;4,35921903954114
1987-03-01;0,335938;291,700012;112,1;58,5202;723,1;644,317;1,25;5,77;7,25;23,1578642282647;2,60476601250454;0,447028013090378;-1,99999999999996;-376,089999999999;8,40999999999994;600;8,79612000175278;-1,99999999999996;0,480833333333333;2,12393267917121;22,6770308949314
1987-04-01;0,361111;288,359985;112,7;58,8852;752;651,1136;1,19;5,82;8,02;7,22587711681411;-1,15162704937646;0,533809096761662;-6,00000000000005;679,660000000001;36,4999999999995;2890;8,67810836712835;71,9999999999999;0,485;-1,63662704937646;6,74087711681411
1987-05-01;0,400174;290,100006;113,1;59,2656;739,3;654,3924;1,18;5,85;8,61;10,2714062227702;0,601606429181523;0,35429620763443;-0,999999999999979;327,879999999993;38,0400000000002;-1270;-17,9512889127231;56;0,4875;0,114106429181523;9,78390622277018
1987-06-01;0,354167;304;113,5;59,5423;743,8;660,313;1,2;5,85;8,4;-12,2130899216421;4,68019895963403;0,353045379938255;1,99999999999996;592,060000000004;27,6699999999998;450;-0,125082769617535;-21,0000000000001;0,4875;4,19269895963403;-12,7005899216421
1987-07-01;0,326389;318,660004;113,8;59,956;746,2;665,7082;1,19;5,88;8,45;-8,16786317648208;4,70970148087044;0,263968477077281;-0,999999999999979;539,520000000005;41,3700000000006;240,000000000009;-8,90769028609739;2,00000000000005;0,49;4,21970148087044;-8,65786317648208
1987-08-01;0,412326;329,799988;114,4;60,4517;744,2;673,7394;1,13;6,23;8,76;23,3724377060933;3,43616575248831;0,525855725346691;-5,99999999999987;803,120000000001;49,5699999999999;-200;26,188724826941;-4;0,519166666666667;2,91699908582164;22,8532710394267
1987-09-01;0,460069;321,829987;115;60,6087;744,5;679,637;1,13;6,62;9,42;10,9562179631663;-2,44629583147944;0,523104941755292;0;589,75999999999;15,6999999999996;29,9999999999955;-0,275078359139869;27;0,551666666666667;-2,99796249814611;10,4045512964997
1987-10-01;0,345486;251,789993;115,3;61,4886;753,2;683,7101;1,1;6,35;9,52;-28,6424356831619;-24,5428036463115;0,260529891176287;-3,00000000000011;407,310000000007;87,9899999999999;870,000000000005;-26,2575050579006;37;0,529166666666667;-25,0719703129781;-29,1716023498286
1987-11-01;0,310764;230,300003;115,4;61,8151;755,5;687,8179;1,22;5,89;8,86;-10,591833973381;-8,92125591087733;0,0866926798986256;12,0000000000001;410,78;32,6500000000003;229,999999999995;-17,3837211277661;-20;0,490833333333333;-9,41208924421067;-11,0826673067143
1987-12-01;0,376736;247,080002;115,4;62,1113;765,4;698,64;1,18;5,96;8,99;19,251089522695;7,03293590691159;0;-4,00000000000009;1082,21;29,6199999999999;989,999999999998;-8,66926798986256;6,00000000000005;0,496666666666667;6,53626924024492;18,7544228560283
1988-01-01;0,387153;257,070007;115,7;62,1393;764,2;695,2348;1,19;6;8,67;2,7275286841445;3,96362696568309;0,259628012563162;0,999999999999979;-340,520000000004;2,79999999999987;-119,999999999993;25,9628012563162;-36;0,5;3,46362696568309;2,2275286841445
1988-02-01;0,412326;267,820007;116;62,41;744,5;692,5103;1,22;5,84;8,21;6,29943348653709;4,09666906253037;0,258955690673357;2,99999999999994;-272,449999999992;27,0699999999998;-1970;-0,0672321889805261;-29,9999999999999;0,486666666666667;3,6100023958637;5,81276681987042
1988-03-01;0,392361;258,890015;116,5;62,5464;751,6;693,732;1,18;5,87;8,37;-4,96319642299513;-3,39118202049029;0,430108189939116;-3,99999999999991;122,169999999994;13,6400000000002;710,000000000002;17,1152499265759;13;0,489166666666667;-3,88034868715696;-5,4523630896618
1988-04-01;0,378472;261,329987;117,1;62,8992;777,9;700,6261;1,23;6,08;8,72;-3,60402404534518;0,938060775390248;0,513699759791564;5,00000000000007;689,409999999998;35,2800000000002;2630;8,35915698524481;14;0,506666666666667;0,431394108723581;-4,11069071201184
1988-05-01;0,402778;262,160004;117,5;62,8182;763,4;705,428;1,14;6,45;9,09;6,22434477573425;0,317109289504014;0,341006298054225;-9,00000000000016;480,190000000005;-8,10000000000031;-1450;-17,2693461737339;-8,88178419700125e-14;0,5375;-0,220390710495986;5,68684477573425
1988-06-01;0,465278;273,5;118;62,9776;778,5;710,128;1,14;6,66;8,92;14,4249534732387;4,23466022136187;0,424629088145156;1,77635683940025e-13;470,000000000005;15,9400000000005;1510;8,36227900909314;-38;0,555;3,67966022136187;13,8699534732387
1988-07-01;0,413194;272,019989;118,5;63,004;785,5;713,7065;1,15;6,95;9,06;-11,8717860082039;-0,542606929563227;0,4228336109521;0,999999999999801;357,849999999996;2,63999999999953;700;-0,179547719305617;-14,9999999999999;0,579166666666667;-1,12177359622989;-12,4509526748706
1988-08-01;0,347222;261,519989;119;63,2781;781;722,932;1,1;7,3;9,26;-17,3952871492812;-3,93648322122413;0,421053253634351;-4,99999999999972;922,550000000001;27,4100000000004;-450;-0,178035731774884;-15;0,608333333333333;-4,54481655455746;-18,0036204826146
1988-09-01;0,362847;271,910004;119,8;63,108;779,7;725,838;1,08;7,48;8,98;4,40169129766002;3,89604235459995;0,670019256981913;-2,00000000000014;290,599999999995;-17,0100000000005;-129,999999999995;24,8966003347562;-46;0,623333333333333;3,27270902126662;3,77835796432668
1988-10-01;0,340278;278,970001;120,2;63,4145;780,8;728,1347;0,9;7,6;8,8;-6,42183272329035;2,56331088426691;0,33333364197583;-18;229,669999999999;30,65;109,999999999991;-33,6685615006083;-30,0000000000001;0,633333333333333;1,92997755093358;-7,05516605662369
1988-11-01;0,328125;273,700012;120,3;63,5171;786,9;732,6653;1,03;8,03;8,96;-3,63682972318862;-1,90715928525735;0,0831600879526384;13,0000000000001;453,060000000005;10,2600000000002;610,000000000002;-25,0173554023192;-27;0,669166666666667;-2,57632595192402;-4,30599638985528
1988-12-01;0,369792;277,720001;120,5;63,8207;803,1;745,2064;1,08;8,35;9,11;11,9546052057827;1,45807555955644;0,166112995007595;4,99999999999989;1254,11;30,3600000000003;1620;8,29529070549562;-17;0,695833333333333;0,762242226223104;11,2587718724494
1989-01-01;0,414063;297,470001;121,1;64,0114;792,1;753,0092;1,03;8,56;9,09;11,3077450757367;6,86999674406836;0,496689762833746;-4,99999999999989;780,279999999993;19,0699999999993;-1100;33,0576767826152;-23;0,713333333333333;6,15666341073503;10,5944117424034
1989-02-01;0,413194;288,859985;121,6;63,7241;771,6;749,7018;0,969999999999999;8,84;9,17;-0,210091983419258;-2,93712931817556;0,41203189730199;-6,00000000000023;-330,739999999992;-28,7299999999995;-2050;-8,46578655317565;-19,9999999999999;0,736666666666667;-3,67379598484222;-0,946758650085925
1989-03-01;0,346354;294,869995;122,3;63,8694;774,6;753,193;0,869999999999999;9,14;9,36;-17,6455842913849;2,0592474545273;0,574007316105973;-9,99999999999996;349,119999999994;14,5299999999999;300;16,1975418803983;-10,9999999999999;0,761666666666667;1,29758078786064;-18,4072509580516
1989-04-01;0,388021;309,640015;123,1;63,9217;790,2;759,2769;0,82;8,96;9,18;11,3598088456938;4,88758164898426;0,651999049728147;-4,99999999999989;608,389999999997;5,23000000000025;1560;7,79917336221736;0;0,746666666666667;4,1409149823176;10,6131421790271
1989-05-01;0,420139;320,519989;123,8;63,4806;766,1;764,0841;0,890000000000001;8,74;8,86;7,95261470357286;3,45342618107729;0,567032706008774;7,00000000000003;480,720000000008;-44,1099999999999;-2410;-8,49663437193726;-10,0000000000001;0,728333333333333;2,72509284774396;7,22428137023952
1989-06-01;0,368056;317,980011;124,1;63,5122;772,8;769,617;0,93;8,43;8,28;-13,2350508401008;-0,795612027670511;0,242033196006552;3,99999999999991;553,289999999993;3,15999999999974;669,999999999993;-32,4999510002222;-27;0,7025;-1,49811202767051;-13,9375508401008
1989-07-01;0,380208;346,079987;124,4;62,9479;780,7;773,1958;0,94;8,15;8,02;3,24833708853346;8,4681402327246;0,241448809451761;0,999999999999979;357,88;-56,4300000000003;790,000000000009;-0,0584386554791649;1,99999999999996;0,679166666666667;7,78897356605793;2,56917042186679
1989-08-01;0,407986;351,450012;124,6;63,5199;776,5;780,1905;0,92;8,17;8,11;7,05143886999087;1,53975631249939;0,160642604827377;-1,99999999999996;699,470000000008;57,2000000000003;-420,000000000005;-8,0806204624384;7,00000000000003;0,680833333333333;0,858922979166052;6,37060553665753
1989-09-01;0,475694;349,149994;125;63,2966;777,7;784,207;0,9;8,01;8,19;15,3541930277368;-0,656587565871991;0,320513094894892;-1,99999999999996;401,649999999995;-22,3300000000002;120,000000000005;15,9870490067515;24;0,6675;-1,32408756587199;14,6866930277368
1989-10-01;0,567708;340,359985;125,6;63,2481;783,2;787,047;0,890000000000001;7,9;8,01;17,6832411660053;-2,54977751970813;0,478851673179648;-0,999999999999979;284,000000000003;-4,84999999999971;550;15,8338578284756;-7,00000000000003;0,658333333333333;-3,20811085304146;17,024907832672
1989-11-01;0,604167;345,98999;125,9;63,4576;790,2;793,166;0,92;7,94;7,87;6,22434477573424;1,6406007093015;0,238568701620334;2,99999999999994;611,900000000003;20,9499999999998;700;-24,0282971559314;-18;0,661666666666667;0,978934042634832;5,56267810906757
1989-12-01;0,604167;353,399994;126,1;63,8477;810,6;809,285;0,960000000000001;7,88;7,84;0;2,119069890428;0,158730192057277;4,00000000000009;1611,89999999999;39,0100000000004;2040;-7,98385095630572;3,00000000000002;0,656666666666667;1,46240322376134;-0,656666666666667
1990-01-01;0,642361;329,079987;127,4;63,4171;800,7;802,8418;0,949999999999999;7,9;8,21;6,1299801166822;-7,12997001110098;1,02565001671886;-1,00000000000016;-644,319999999993;-43,0600000000005;-989,999999999998;86,6919824661583;35,0000000000001;0,658333333333333;-7,78830334443432;5,47164678334887
1990-02-01;0,685764;331,890015;128;64,0517;786,7;796,3452;0,92;8;8,47;6,53830942611431;0,850279111396901;0,469852078155419;-2,99999999999994;-649,660000000006;63,4599999999999;-1400;-55,579793856344;16;0,666666666666667;0,183612444730234;5,87164275944765
1990-03-01;0,769097;339,940002;128,7;64,3607;794,5;792,32;0,840000000000002;8,17;8,59;11,4683554179617;2,39655034219703;0,545385068246418;-7,99999999999983;-402,519999999993;30,8999999999997;779,999999999995;7,55329900909985;-5,00000000000007;0,680833333333333;1,7157170088637;10,7875220846283
1990-04-01;0,805556;330,799988;128,9;64,2562;816,2;793,2944;0,84;8,04;8,79;4,6315622844199;-2,72552104587565;0,155279534306096;-1,77635683940025e-13;97,4399999999946;-10,4499999999987;2170;-39,0105533940321;33;0,67;-3,39552104587565;3,9615622844199
1990-05-01;1,013889;361,230011;129,2;64,3971;795,5;794,0216;0,94;8,01;8,76;23,0015988467021;8,80009781499096;0,232468140335929;9,99999999999996;72,7200000000039;14,0899999999988;-2070;7,71886060298321;0;0,6675;8,13259781499096;22,3340988467021
1990-06-01;1,055556;358,019989;129,9;64,6064;809;798,712;0,960000000000001;7,99;8,48;4,02742106014477;-0,892608498624448;0,540333232805246;2,00000000000014;469,039999999995;20,9299999999999;1350;30,7865092469317;-26;0,665833333333333;-1,55844183195778;3,36158772681144
1990-07-01;0,923611;356,149994;130,4;64,5289;811;803,0271;0,959999999999999;7,87;8,47;-13,3531933977825;-0,52368464599768;0,384172581599884;-1,77635683940025e-13;431,510000000003;-7,75000000000006;200;-15,6160651205361;11;0,655833333333333;-1,17951797933101;-14,0090267311158
1990-08-01;0,854167;322,559998;131,6;64,7258;812,7;809,5302;1;7,69;8,75;-7,81642623047508;-9,90628143349754;0,916036939866416;4,00000000000009;650,310000000002;19,6900000000014;170,000000000005;53,1864358266532;45,9999999999999;0,640833333333333;-10,5471147668309;-8,45725956380841
1990-09-01;0,875;306,049988;132,7;64,8148;817,1;812,302;1,08;7,6;8,89;2,40971613352342;-5,25407111547542;0,832392244694535;8,00000000000001;277,179999999998;8,89999999999986;439,999999999998;-8,36446951718806;23,0000000000001;0,633333333333333;-5,88740444880876;1,77638280019008
1990-10-01;0,885417;304;133,5;64,3264;816,1;813,6063;1,21;7,4;8,72;1,18348341175202;-0,672074668157663;0,601053650214212;13,0000000000001;130,430000000001;-48,8399999999999;-100;-23,1338594480324;2,99999999999994;0,616666666666667;-1,28874133482433;0,566816745085355
1990-11-01;1,003472;322,220001;133,8;63,5713;824,6;816,4407;1,32;7,29;8,39;12,5162545030177;5,82068437600887;0,22446698538241;10,9999999999998;283,439999999996;-75,5100000000006;850;-37,6586664831802;-22;0,6075;5,21318437600887;11,9087545030177
1990-12-01;1,045139;330,220001;133,8;63,1589;842,7;824,391;1,38;6,95;8,08;4,06839044020421;2,45245568656598;0;6,00000000000005;795,029999999997;-41,2399999999998;1810;-22,446698538241;2,99999999999994;0,579166666666667;1,87328901989931;3,48922377353755
1991-01-01;1,362847;343,929993;134,6;62,8801;831,7;812,7425;1,41;6,41;8,09;26,5426003103962;4,0679025909788;0,5961269516499;3,00000000000011;-1164,85;-27,8800000000004;-1100;59,61269516499;55;0,534166666666667;3,53373592431213;26,0084336437296
1991-02-01;1,440972;367,070007;134,8;62,452;822,1;805,2045;1,24;6,12;7,85;5,57419918486939;6,51144566898267;0,148478126757912;-17;-753,79999999999;-42,8100000000001;-960,000000000002;-44,7648824891989;4,99999999999998;0,51;6,00144566898267;5,06419918486939
1991-03-01;1,473958;375,220001;135;62,12;833,7;802,207;1,16;6,09;8,11;2,26334135891477;2,19599386489833;0,148257996022316;-8,00000000000001;-299,750000000006;-33,2000000000001;1160;-0,0220130735595347;29;0,5075;1,68849386489833;1,75584135891477
1991-04-01;1,375;375,339996;135,2;62,25;851,9;802,1835;1,08;5,83;8,04;-6,94975683484861;0,0319747925553671;0,148038517043414;-8,00000000000001;-2,35000000000127;13,0000000000003;1819,99999999999;-0,0219478978902288;19;0,485833333333333;-0,453858540777966;-7,43559016818194
1991-05-01;1,524306;389,829987;135,6;62,8714;840,3;801,6365;1;5,63;8,07;10,3085493392402;3,78784421028984;0,295421189743106;-8,00000000000001;-54,7000000000025;62,1400000000001;-1160;14,7382672699692;23,0000000000001;0,469166666666667;3,31867754362317;9,83938267257356
1991-06-01;1,419271;371,160004;136;63,4441;856,7;801,306;0,950000000000001;5,75;8,28;-7,13958650042339;-4,90774660470183;0,294551022975753;-4,99999999999989;-33,0499999999915;57,2699999999998;1640,00000000001;-0,0870166767352742;8,9999999999999;0,479166666666667;-5,3869132713685;-7,61875316709006
1991-07-01;1,53125;387,809998;136,2;63,5106;860,9;799,4292;0,890000000000001;5,75;8,27;7,59410358041971;4,38822765447995;0,146950797935919;-6,00000000000005;-187,68;6,64999999999978;419,999999999993;-14,7600225039834;-0,999999999999979;0,479166666666667;3,90906098781328;7,11493691375305
1991-08-01;1,776042;395,429993;136,6;63,5623;863,2;802,1214;0,9;5,5;7,9;14,8302897628102;1,94582388834341;0,293255342127807;0,999999999999979;269,219999999996;5,17000000000039;230,000000000007;14,6304544191889;-11,9999999999999;0,458333333333333;1,48749055501008;14,3719564294769
1991-09-01;1,854167;387,859985;137,2;64,1234;865,4;802,5;0,9;5,37;7,65;4,30482456605116;-1,93293515958901;0,438276815509475;0;37,8600000000006;56,1100000000003;219,999999999993;14,5021473381668;-12;0,4475;-2,38043515958901;3,85732456605116
1991-10-01;1,955729;392,450012;137,4;64,0179;874;799,4509;0,94;5,14;7,53;5,33274753571836;1,17647600556205;0,14566644964642;3,99999999999991;-304,909999999995;-10,5500000000006;860,000000000002;-29,2610365863055;10,9999999999999;0,428333333333333;0,748142672228722;4,90441420238503
1991-11-01;2,026042;375,220001;137,8;63,9427;892,3;801,1461;0,969999999999999;4,69;7,42;3,53211221583755;-4,48966478693977;0,290697879130963;2,99999999999994;169,52;-7,51999999999953;1830;14,5031429484543;34;0,390833333333333;-4,88049812027311;3,14127888250421
1991-12-01;2,317708;417,089996;137,9;63,6923;915,6;815,581;0,949999999999999;4,18;7,09;13,4494630203151;10,5789492978737;0,0725426219697844;-1,99999999999996;1443,49;-25,0399999999999;2330,00000000001;-21,8155257161179;18,0000000000001;0,348333333333333;10,2306159645403;13,1011296869818
1992-01-01;2,505208;408,779999;138,1;63,3372;916,4;805,8402;0,930000000000001;3,91;7,03;7,77929987036141;-2,01249046919765;0,144927561599051;-1,99999999999978;-974,080000000004;-35,51;79,9999999999955;7,23849396292664;21;0,325833333333333;-2,33832380253098;7,45346653702808
1992-02-01;2,572917;412,700012;138,6;63,7864;915,1;797,7738;0,940000000000001;3,95;7,34;2,66685096929505;0,954385426801885;0,361402634055619;0,999999999999979;-806,639999999993;44,9199999999998;-129,999999999995;21,6475072456568;27;0,329166666666667;0,625218760135218;2,33768430262839
1992-03-01;2,46875;403,690002;139,3;64,3199;929,6;793,353;0,9;4,14;7,54;-4,13283250474934;-2,20737041984158;0,503779402995708;-4,00000000000009;-442,08000000001;53,3500000000004;1450;14,2376768940089;0,999999999999979;0,345;-2,55237041984158;-4,47783250474934
1992-04-01;2,296875;414,950012;139,5;64,8069;953,7;791,9192;0,880000000000001;3,84;7,48;-7,21624462482305;2,75107983266718;0,143472047566018;-1,99999999999996;-143,379999999991;48,6999999999995;2410;-36,030735542969;24,0000000000001;0,32;2,43107983266718;-7,53624462482305
1992-05-01;2,520833;415,350006;139,7;65,0202;942,9;791,2328;0,850000000000001;3,72;7,39;9,30398990383721;0,0963492767125373;0,143266500149597;-2,99999999999994;-68,6400000000049;21,3300000000004;-1080,00000000001;-0,020554741642087;2,99999999999998;0,31;-0,213650723287463;8,99398990383721
1992-06-01;2,1875;408,140015;140,2;65,0309;951;792,332;0,83;3,75;7,26;-14,1830063207804;-1,75112631776946;0,357270833757362;-2,00000000000014;109,92;1,06999999999999;810,000000000002;21,4004333607765;-16,0000000000001;0,3125;-2,06362631776946;-14,4955063207804
1992-07-01;2,273438;424,209991;140,5;65,6155;962;792,948;0,77;3,28;6,84;3,85338839334902;3,86183048697335;0,213751417331132;-6,00000000000005;61,5999999999985;58,4599999999995;1100;-14,351941642623;5,00000000000003;0,273333333333333;3,58849715364002;3,58005506001569
1992-08-01;2,328125;414,029999;140,9;65,2948;970,1;799,384;0,7;3,2;6,59;2,37699994026646;-2,42901618699936;0,284293013083392;-6,99999999999994;643,600000000004;-32,0700000000002;810,000000000002;7,05415957522604;-17;0,266666666666667;-2,69568285366602;2,11033327359979
1992-09-01;2,515625;417,799988;141,3;65,4461;982,7;801,933;0,699999999999999;2,97;6,42;7,74580590390039;0,906438784781471;0,283487078584699;-8,88178419700125e-14;254,899999999998;15,1300000000006;1260;-0,0805934498693262;6,00000000000001;0,2475;0,658938784781471;7,49830590390039
1992-10-01;2,773438;418,679993;141,8;65,9387;1000,8;800,7701;0,85;2,93;6,59;9,75664242126813;0,210406786688111;0,353232440754514;15;-116,290000000004;49,2599999999996;1809,99999999999;6,97453621698152;21;0,244166666666667;-0,0337598799785557;9,51247575460146
1992-11-01;2,910156;431,350006;142;66,2219;1021,4;805,8319;0,860000000000001;3,21;6,87;4,81189821564807;2,98129511649359;0,140944350323391;1,00000000000016;506,180000000006;28,3200000000008;2060;-21,2288090431123;4,44089209850063e-14;0,2675;2,71379511649359;4,54439821564807
1992-12-01;2,667969;435,709991;141,9;66,2778;1045,6;824,769;0,83;3,29;6,77;-8,6889179198484;1,00570243438494;-0,0704473435264141;-3,00000000000011;1893,71;5,58999999999941;2419,99999999999;-21,1391693849805;-18,0000000000001;0,274166666666667;0,73153576771827;-8,96308458651507
1993-01-01;2,703125;438,779999;142,6;66,565;1039,8;816,4134;0,76;3,07;6,6;1,3091002342638;0,702128245561351;0,492092381419873;-7,00000000000003;-835,559999999998;28,7199999999999;-579,999999999995;56,2539724946287;5,00000000000003;0,255833333333333;0,446294912228018;1,05326690093047
1993-02-01;2,605469;443,380005;143,1;66,8562;1021,9;811,7026;0,680000000000001;2,99;6,26;-3,67958137500266;1,04290552109472;0,35001785822093;-7,99999999999992;-471,080000000006;29,1200000000003;-1790;-14,2074523198943;-26;0,249166666666667;0,79373885442805;-3,92874804166933
1993-03-01;2,890625;451,670013;143,6;66,7661;1030,5;807,262;0,57;3,01;5,98;10,3860044330572;1,85246520315188;0,348797005171875;-11;-444,060000000002;-9,01000000000067;860,000000000002;-0,122085304905539;-29,9999999999999;0,250833333333333;1,60163186981854;10,1351710997239
1993-04-01;2,671875;440,190002;144;66,9976;1057,4;813,5618;0,680000000000001;2,93;5,97;-7,86922685756649;-2,5745397043357;0,278164296187722;11;629,98;23,1500000000011;2690,00000000001;-7,0632708984153;6,99999999999998;0,244166666666667;-2,81870637100237;-8,11339352423316
1993-05-01;2,894531;450,190002;144,2;66,7645;1056,8;812,9222;0,780000000000001;3,03;6,04;8,00426213037623;2,24632638874587;0,13879252748481;10,0000000000001;-63,9599999999973;-23,3100000000007;-60,0000000000136;-13,9371768702912;-3,00000000000011;0,2525;1,99382638874587;7,75176213037623
1993-06-01;2,75;450,529999;144,4;66,8782;1071,8;818,662;0,74;3,14;5,96;-5,12221827682704;0,0754944967960469;0,13860016078775;-4,00000000000009;573,980000000006;11,3700000000009;1500;-0,0192366697060464;-19;0,261666666666667;-0,18617216987062;-5,38388494349371
1993-07-01;2,3125;448,130005;144,4;67,0843;1083,1;823,9829;0,76;3,11;5,81;-17,3271721274037;-0,534128523616495;0;1,99999999999996;532,089999999994;20,6099999999992;1130;-13,860016078775;-11,9999999999999;0,259166666666667;-0,793295190283162;-17,5863387940703
1993-08-01;2,347656;463,559998;144,8;67,0144;1088,1;833,7119;0,75;3,09;5,68;1,50881931620116;3,38524421015221;0,276625349289006;-0,999999999999979;972,900000000004;-6,99000000000041;500;27,6625349289006;-11,0000000000001;0,2575;3,12774421015221;1,25131931620116
1993-09-01;2,578125;458,929993;145,1;67,3337;1098,8;842,668;0,68;3,01;5,36;9,3645006974454;-1,00381444208404;0,206967993852558;-7,00000000000003;895,609999999999;31,9299999999998;1070;-6,96573554364477;-24;0,250833333333333;-1,25464777541737;9,11366736411207
1993-10-01;2,503906;467,829987;145,7;67,8513;1111,6;849,4021;0,64;3,09;5,33;-2,92104779437999;1,9207276545127;0,412655331101686;-4;673,410000000001;51,7600000000002;1280;20,5687337249127;-10,9999999999999;0,2575;1,6632276545127;-3,17854779437999
1993-11-01;2,5;461,790009;145,8;68,1384;1129;860,1599;0,73;3,18;5,72;-0,156118072295375;-1,29946924965694;0,0686106373398943;9,00000000000007;1075,78;28,7100000000009;1740,00000000001;-34,4044693761791;30;0,265;-1,56446924965694;-0,421118072295375
1993-12-01;2,519531;466,450012;145,8;68,5029;1153,3;886,169;0,760000000000001;3,13;5,77;0,778204121724391;1,00405973537283;0;3,00000000000002;2600,91;36,4499999999992;2430;-6,86106373398943;9,99999999999992;0,260833333333333;0,743226402039498;0,517370788391057
1994-01-01;2,660156;481,609985;146,2;68,7602;1141,7;879,4282;0,73;3,04;5,75;5,43119945991045;3,19837676199084;0,273972774112075;-3,00000000000002;-674,080000000004;25,7300000000001;-1159,99999999999;27,3972774112075;7,00000000000003;0,253333333333333;2,94504342865751;5,17786612657712
1994-02-01;2,578125;467,140015;146,7;68,7808;1123,8;877,1428;0,68;3,33;5,97;-3,13223771495947;-3,05055960334899;0,341413783325706;-5,00000000000007;-228,539999999998;2,06000000000017;-1790,00000000001;6,74410092136313;-6,99999999999994;0,2775;-3,32805960334899;-3,40973771495947
1994-03-01;2,648438;445,769989;147,2;69,4762;1131,1;883,876;0,65;3,59;6,48;2,6907641710467;-4,68259314596553;0,340252114584061;-2,99999999999994;673,320000000001;69,5400000000006;729,999999999995;-0,116166874164492;25;0,299166666666667;-4,9817598126322;2,39159750438003
1994-04-01;2,890625;450,910004;147,4;69,8715;1152,2;894,0188;0,64;3,78;6,97;8,75027094672771;1,14646726585894;0,135777346045973;-1,00000000000007;1014,28000000001;39,5299999999992;2110,00000000001;-20,4474768538088;29,9999999999999;0,315;0,831467265858941;8,43527094672771
1994-05-01;3,359375;456,5;147,5;70,2259;1132;905,1823;0,629999999999999;4,27;7,18;15,0282203049338;1,23209281164716;0,0678196024638922;-1,00000000000007;1116,35;35,4399999999998;-2020;-6,79577435820811;-28;0,355833333333333;0,876259478313823;14,6723869716005
1994-06-01;3,226563;444,269989;148;70,6759;1141,8;918,58;0,680000000000001;4,25;7,1;-4,0337460762907;-2,715623907722;0,338409798423989;5,00000000000016;1339,77;45,0000000000003;979,999999999995;27,0590195960096;-6,00000000000005;0,354166666666667;-3,06979057438866;-4,38791274295737
1994-07-01;3,21875;458,26001;148,4;70,7851;1150,9;925,103;0,690000000000001;4,46;7,3;-0,242439857517462;3,10042694950656;0,269905696916517;1,00000000000007;652,299999999991;10,9200000000001;910,000000000014;-6,85041015074717;-0,999999999999979;0,371666666666667;2,7287602828399;-0,614106524184129
1994-08-01;3,632813;475,48999;149;71,2069;1144,1;944,403;0,67;4,61;7,24;12,1014193872229;3,69090997862784;0,403497521217933;-2,00000000000014;1930,00000000001;42,1800000000005;-680,000000000018;13,3591824301416;-21;0,384166666666667;3,30674331196118;11,7172527205562
1994-09-01;3,507813;462,709991;149,4;71,4768;1146,4;959,953;0,640000000000001;4,75;7,46;-3,50145129405357;-2,72453417345906;0,268096675325769;-2,99999999999994;1555;26,9899999999993;230,000000000018;-13,5400845892164;8,00000000000001;0,395833333333333;-3,12036750679239;-3,8972846273869
1994-10-01;3,9375;472,350006;149,5;72,0827;1147,9;971,0172;0,629999999999999;5,1;7,74;11,5553237790149;2,06197604130312;0,0669120132024581;-1,00000000000016;1106,42;60,5900000000005;150;-20,118466212331;-6,99999999999994;0,425;1,63697604130312;11,1303237790149
1994-11-01;3,929688;453,690002;149,7;72,5328;1156,2;985,8527;0,640000000000001;5,45;7,96;-0,198597073505691;-4,03060990785331;0,133689859484143;1,00000000000016;1483,55;45,0099999999992;829,999999999995;6,67778462816848;-13,0000000000001;0,454166666666667;-4,48477657451998;-0,652763740172357
1994-12-01;3,820313;459,269989;149,7;73,2862;1174,5;1021,1685;0,639999999999999;5,76;7,81;-2,82276769821026;1,22240986219913;0;-1,77635683940025e-13;3531,58;75,3399999999999;1830;-13,3689859484143;-46;0,48;0,742409862199125;-3,30276769821026
1995-01-01;3,710938;470,420013;150,3;73,4173;1159,5;1018,3564;0,619999999999999;5,9;7,78;-2,90476815827347;2,39876918612305;0,400000533334577;-1,99999999999996;-281,209999999999;13,1100000000004;-1500;40,0000533334577;-17;0,491666666666667;1,90710251945638;-3,39643482494014
1995-02-01;3,9375;487,390015;150,9;73,3112;1135,3;1014,0936;0,59;5,94;7,47;5,92613292998942;3,54387144053927;0,398406901487469;-2,99999999999994;-426,279999999997;-10,6099999999998;-2420;-0,15936318471077;-35;0,495;3,04887144053927;5,43113292998942
1995-03-01;4,445313;500,709991;151,4;73,4086;1139,3;1024,546;0,58;5,91;7,2;12,1304278532988;2,69624184734596;0,330797522954551;-0,999999999999979;1045,24;9,74000000000075;400;-6,76093785329179;-24;0,4925;2,20374184734596;11,6379278532988
1995-04-01;5,109375;514,710022;151,9;73,3603;1160,3;1035,3534;0,57;5,84;7,06;13,9226804852842;2,75766048048292;0,329706859837842;-0,999999999999979;1080,73999999999;-4,83000000000118;2100;-0,109066311670958;-7,00000000000003;0,486666666666667;2,27099381381625;13,4360138186176
1995-05-01;5,292969;533,400024;152,2;73,6079;1134;1048,3367;0,549999999999999;5,85;6,63;3,53022485291286;3,56679787363303;0,197303582585828;-2,00000000000014;1298,33000000001;24,7600000000006;-2630;-13,2403277252013;-44;0,4875;3,07929787363303;3,04272485291286
1995-06-01;5,648438;544,75;152,5;73,8595;1141;1063,1263;0,600000000000001;5,64;6,17;6,49997106924889;2,10553170824408;0,19691506198809;5,00000000000016;1478,95999999998;25,1599999999996;700;-0,0388520597738307;-25;0,47;1,63553170824408;6,02997106924889
1995-07-01;5,65625;562,059998;152,5;73,5675;1145,7;1071,2957;0,629999999999999;5,59;6,28;0,138208170690035;3,12816283778483;0;2,99999999999985;816,94;-29,2000000000002;470,000000000005;-19,691506198809;15,9999999999999;0,465833333333333;2,6623295044515;-0,327625162643298
1995-08-01;5,78125;561,880005;152,9;74,4969;1139,3;1089,5578;0,619999999999999;5,57;6,49;2,1858793812499;-0,0320289341171787;0,26195168875498;-0,999999999999979;1826,21000000001;92,9400000000001;-640,000000000009;26,195168875498;23;0,464166666666667;-0,496195600783845;1,72171271458323
1995-09-01;5,65625;584,409973;153,2;74,7941;1138,4;1109,5987;0,609999999999999;5,43;6,2;-2,1858793812499;3,9314432235714;0,196014437147429;-0,999999999999979;2004,09;29,7200000000004;-89,9999999999864;-6,59372516075507;-15;0,4525;3,4789432235714;-2,6383793812499
1995-10-01;6,25;581,5;153,7;74,7015;1132,9;1116,8562;0,63;5,44;6,04;9,98203352822109;-0,499177313840082;0,325839323805965;2,00000000000005;725,749999999994;-9,26000000000045;-550;12,9824886658536;-17;0,453333333333333;-0,952510647173416;9,52870019488776
1995-11-01;5,445313;605,369995;153,6;74,8864;1138,6;1137,4881;0,66;5,52;5,93;-13,7826225085313;4,02288611277717;-0,0650829830978417;3,00000000000002;2063,19000000001;18,4899999999999;569,999999999982;-39,0922306903807;-19;0,46;3,56288611277717;-14,2426225085313
1995-12-01;5,484375;615,929993;153,5;75,1739;1152,7;1168,1598;0,67;5,29;5,71;0,714790144319677;1,72934762613641;-0,0651253686320352;0,999999999999979;3067,16999999999;28,7500000000009;1410,00000000001;-0,00423855341935564;0,999999999999979;0,440833333333333;1,28851429280308;0,273956810986344
1996-01-01;5,78125;636,02002;154,4;74,6833;1130,2;1158,3448;0,66;5,15;5,65;5,27167821724044;3,20967314842671;0,584607056342445;-0,999999999999979;-981,499999999983;-49,0600000000001;-2250;64,9732424974481;8,00000000000001;0,429166666666667;2,78050648176004;4,84251155057377
1996-02-01;6,167969;640,429993;154,9;75,8433;1105,8;1156,8358;0,64;4,96;5,81;6,47496880294629;0,690977398447856;0,323310983214675;-2,00000000000005;-150,900000000001;116;-2440,00000000001;-26,129607312777;35;0,413333333333333;0,277644065114523;6,06163546961296
1996-03-01;6,445313;645,5;155,7;75,7631;1118;1162,2074;0,68;5,1;6,27;4,39835896827572;0,788539547009659;0,515133141712987;4;537,159999999994;-8,02000000000049;1220;19,1822158498312;32;0,425;0,363539547009659;3,97335896827572
1996-04-01;7,078125;654,169983;156,3;76,4596;1131,8;1173,3516;0,69;5,09;6,51;9,36558421325437;1,3342020243047;0,38461585874785;0,999999999999979;1114,42;69,65;1380;-13,0517282965137;25;0,424166666666667;0,910035357638032;8,94141754658771
1996-05-01;7,421875;669,119995;156,6;77,0169;1105,9;1183,0011;0,680000000000001;5,15;6,74;4,74226785516072;2,25961782380235;0,191754612927131;-0,99999999999989;964,949999999999;55,7300000000012;-2589,99999999999;-19,2861245820719;17;0,429166666666667;1,83045115713568;4,31310118849405
1996-06-01;7,507813;670,630005;156,7;77,6676;1115;1196,5792;0,69;5,23;6,91;1,1512490972998;0,225416777667142;0,0638365805272656;0,999999999999979;1357,80999999999;65,0699999999986;909,999999999991;-12,7918032399865;8,99999999999999;0,435833333333333;-0,210416555666191;0,715415763966467
1996-07-01;7,367188;639,950012;157;77,5653;1110,7;1208,2186;0,699999999999999;5,3;6,87;-1,89081250656247;-4,68275094911732;0,191265598633272;0,99999999999989;1163,94;-10,23;-429,999999999995;12,7429018106007;-10,9999999999999;0,441666666666667;-5,12441761578399;-2,33247917322913
1996-08-01;7,65625;651,98999;157,3;78,0121;1097,7;1223,0886;0,72;5,19;6,64;3,84862211626578;1,86391419947958;0,190900471592492;2,00000000000005;1487,00000000001;44,680000000001;-1300;-0,0365127040780067;-12;0,4325;1,43141419947958;3,41612211626578
1996-09-01;8,242188;687,330017;157,8;78,5488;1091,7;1229,8467;0,69;5,24;6,83;7,37435349090547;5,27853419218385;0,317359834754161;-3,00000000000002;675,810000000001;53,6699999999996;-600;12,6459363161668;14;0,436666666666667;4,84186752551718;6,93768682423881
1996-10-01;8,578125;705,27002;158,3;78,506;1078,4;1235,111;0,680000000000001;5,12;6,53;3,99495154958038;2,57661856060736;0,316355847519212;-0,99999999999989;526,430000000005;-4,27999999999997;-1330;-0,100398723494877;-18;0,426666666666667;2,14995189394069;3,56828488291372
1996-11-01;9,804688;757,02002;158,6;79,1955;1087,4;1246,9542;0,69;5,17;6,2;13,3645280492423;7,08089630111122;0,18933423137808;0,999999999999979;1184,31999999998;68,9499999999995;900;-12,7021616141132;-38;0,430833333333333;6,65006296777788;12,9336947159089
1996-12-01;10,328125;740,73999;158,6;79,7144;1105,8;1273,8779;0,69;5,04;6,3;5,20101178497328;-2,17400265558005;0;-8,88178419700125e-14;2692,37000000001;51,8900000000002;1839,99999999999;-18,933423137808;23;0,42;-2,59400265558005;4,78101178497328
1997-01-01;12,75;786,159973;159,1;79,8239;1087,9;1264,2104;0,67;5,17;6,58;21,0660515112421;5,95106266787315;0,314762614299369;-1,99999999999996;-966,750000000002;10,9499999999997;-1789,99999999999;31,4762614299369;15;0,430833333333333;5,52022933453982;20,6352181779088
1997-02-01;12,1875;790,820007;159,6;80,7816;1066,8;1256,6398;0,630000000000001;5,14;6,42;-4,51204352804697;0,591009096292261;0,313774967196778;-3,99999999999991;-757,060000000001;95,7700000000003;-2110,00000000001;-0,0987647102590472;-13;0,428333333333333;0,162675762958928;-4,94037686138031
1997-03-01;11,460938;757,119995;160;81,3388;1069,2;1254,1755;0,63;5,28;6,69;-6,14662784741533;-4,35486359269452;0,250313021811799;-8,88178419700125e-14;-246,429999999987;55,7200000000009;240,000000000009;-6,34619453849794;13;0,44;-4,79486359269452;-6,58662784741533
1997-04-01;15,1875;801,340027;160,2;81,3611;1074,5;1265,1737;0,609999999999999;5,3;6,89;28,1528163250955;5,67636053675047;0,124921940043254;-2,00000000000005;1099,82;2,22999999999871;529,999999999995;-12,5391081768544;18;0,441666666666667;5,2346938700838;27,7111496584288
1997-05-01;15,5;848,280029;160,1;81,8326;1054,7;1270,5906;0,619999999999999;5,2;6,71;2,03673028244338;5,69254440441886;-0,0624414631590575;0,999999999999979;541,689999999994;47,1500000000006;-1980;-18,7363403202312;-8,00000000000001;0,433333333333333;5,25921107108553;1,60339694911004
1997-06-01;15,796875;885,140015;160,3;82,2309;1064,8;1278,0376;0,609999999999999;5,07;6,49;1,89721117355988;4,25350373760596;0,124843961283894;-0,999999999999979;744,700000000012;39,8300000000006;1009,99999999999;18,7285424442951;-8,99999999999999;0,4225;3,83100373760596;1,47471117355988
1997-07-01;17,671875;954,309998;160,5;82,85;1065,8;1284,4728;0,61;5,19;6,22;11,2162257095649;7,52427226238499;0,124688295456288;8,88178419700125e-14;643,51999999999;61,9099999999989;100;-0,0155665827605844;-39;0,4325;7,09177226238499;10,7837257095649
1997-08-01;16,523438;899,469971;160,8;83,7172;1069,1;1297,5092;0,600000000000001;5,28;6,3;-6,71945349356404;-5,91828954265496;0,186741417479563;-0,999999999999979;1303,64;86,7200000000011;329,999999999995;6,20531220232756;-0,999999999999979;0,44;-6,35828954265496;-7,15945349356404
1997-09-01;16,539063;947,280029;161,2;84,4629;1059,5;1305,8049;0,55;5,08;6,21;0,0945179625898795;5,17890819056221;0,248447332766144;-5,00000000000007;829,570000000012;74,5699999999999;-959,999999999991;6,17059152865806;10,9999999999999;0,423333333333333;4,75557485722888;-0,328815370743454
1997-10-01;16,25;914,619995;161,6;85,1968;1057,6;1313,4074;0,57;5,11;6,03;-1,76321286709604;-3,50860776355031;0,247831601446791;2,00000000000005;760,249999999996;73,3899999999991;-190,000000000009;-0,061573131935333;-21;0,425833333333333;-3,93444109688364;-2,18904620042938
1997-11-01;17,6875;955,400024;161,5;85,9458;1074,1;1317,6929;0,55;5,28;5,88;8,47652666277101;4,36214530750636;-0,0619003424284337;-2,00000000000005;428,549999999996;74,9000000000009;1650;-30,9731943875224;-32;0,44;3,92214530750636;8,03652666277101
1997-12-01;16,15625;970,429993;161,3;86,2054;1097,5;1344,1648;0,56;5,3;5,81;-9,0551203694754;1,56091389490136;-0,12391575315478;1,00000000000007;2647,19;25,9599999999992;2340,00000000001;-6,2015410726346;-8,99999999999999;0,441666666666667;1,11924722823469;-9,49678703614207
1998-01-01;18,648438;980,280029;161,6;86,6558;1080,2;1329,3962;0,58;5,18;5,54;14,3455417522408;1,00990096999185;0,185816095583213;1,99999999999996;-1476,86000000001;45,0400000000002;-1730;30,9731848737993;-14,9999999999999;0,431666666666667;0,578234303325184;13,9138750855741
1998-02-01;21,1875;1049,339966;161,9;86,7556;1066,2;1321,533;0,58;5,23;5,57;12,7648995909559;6,80783669626734;0,185471459659414;0;-786,320000000001;9,98000000000019;-1400;-0,0344635923799075;-2,00000000000005;0,435833333333333;6,37200336293401;12,3290662576226
1998-03-01;22,375;1101,75;162,2;86,8196;1075,9;1324,0426;0,600000000000001;5,16;5,65;5,45328790202499;4,87384620342608;0,185128099772314;2,00000000000005;250,960000000009;6,3999999999993;970,000000000005;-0,0343359887100547;15;0,43;4,44384620342608;5,02328790202499
1998-04-01;22,53125;1111,75;162,5;87,1345;1087,7;1351,0527;0,64;5,08;5,64;0,695897032430315;0,903552566870935;0,184786008847926;3,99999999999991;2701,01;31,4900000000009;1180;-0,0342090924387861;7,00000000000003;0,423333333333333;0,480219233537602;0,272563699096982
1998-05-01;21,203125;1090,819946;162,8;87,6936;1070,8;1353,3149;0,609999999999999;5,14;5,65;-6,07546580100249;-1,90056929246536;0,184445179864845;-3,00000000000002;226,220000000012;55,9100000000001;-1690,00000000001;-0,0340828983080854;-5,00000000000007;0,428333333333333;-2,32890262579869;-6,50379913433582
1998-06-01;27,09375;1133,839966;163;87,1421;1075,2;1367,744;0,6;5,12;5,5;24,5154497505618;3,86804144059028;0,122774723832197;-0,999999999999979;1442,90999999998;-55,1500000000004;440,000000000009;-6,16704560326475;-13;0,426666666666667;3,44137477392361;24,0887830838951
1998-07-01;27,484375;1120,670044;163,2;86,8414;1074,2;1374,0418;0,600000000000001;5,09;5,46;1,43145873970711;-1,16833118938127;0,122624172324404;8,88178419700125e-14;629,780000000005;-30,0700000000006;-100;-0,015055150779375;-0,999999999999979;0,424166666666667;-1,59249785604793;1,00729207304045
1998-08-01;23,984375;957,280029;163,4;88,6266;1069,3;1388,9636;0,62;5,04;5,34;-13,6215084716261;-15,7586079042354;0,122473989589622;1,99999999999996;1492,18000000001;178,52;-490,000000000009;-0,0150182734781623;-7,00000000000003;0,42;-16,1786079042354;-14,0415084716261
1998-09-01;27,515625;1017,01001;163,6;88,4562;1070,6;1400,7175;0,69;4,74;4,81;13,7351448474909;6,05262787387657;0,122324174274446;6,99999999999994;1175,38999999999;-17,0400000000001;129,999999999995;-0,0149815315175772;-23;0,395;5,65762787387657;13,3401448474909
1998-10-01;26,46875;1098,670044;164;89,1686;1077,4;1408,541;0,81;4,07;4,53;-3,87892332842066;7,72334377110004;0,244200365555169;12;782,349999999997;71,2400000000002;680,000000000018;12,1876191280723;39;0,339166666666667;7,38417710443338;-4,21808999508732
1998-11-01;30,5;1163,630005;164;89,1127;1098;1414,6442;0,93;4,53;4,83;14,1761891761038;5,7444036255629;0;12;610,320000000002;-5,58999999999941;2059,99999999999;-24,4200365555169;-16;0,3775;5,3669036255629;13,7986891761038
1998-12-01;34,671875;1229,22998;163,9;89,4388;1121,2;1441,2716;1,01;4,5;4,65;12,8202155959556;5,48435071646738;-0,0609942074414782;8,0000000000001;2662,74000000001;32,6099999999997;2320;-6,09942074414782;-14,9999999999999;0,375;5,10935071646738;12,4452155959556
1999-01-01;43,75;1279,640015;164,3;89,8617;1103,9;1441,9286;1,05;4,45;4,72;23,2562773230701;4,01908592715543;0,243753929343882;3,99999999999991;65,6999999999925;42,2899999999998;-1730;30,474813678536;12;0,370833333333333;3,6482525938221;22,8854439897368
1999-02-01;37,53125;1238,329956;164,5;90,3253;1085,2;1440,1554;0,989999999999999;4,56;5;-15,3317693523366;-3,28151379191493;0,121654516220371;-6,00000000000005;-177,319999999986;46,36;-1870;-12,2099413123511;17;0,38;-3,66151379191492;-15,7117693523366
1999-03-01;44,8125;1286,369995;165;90,4709;1097,5;1442,3982;0,91;4,57;5,23;17,7313199079582;3,8060632211975;0,30349036951538;-7,99999999999992;224,279999999999;14,5600000000002;1230;18,1835853295009;22;0,380833333333333;3,42522988786416;17,3504865746249
1999-04-01;40,65625;1335,180054;166,2;90,7285;1113,6;1448,81;0,840000000000001;4,41;5,18;-9,73345426470602;3,72418602797273;0,724640852076774;-6,99999999999994;641,179999999986;25,7599999999996;1609,99999999999;42,1150482561394;10,9999999999999;0,3675;3,35668602797273;-10,100954264706
1999-05-01;40,34375;1301,839966;166,2;91,3499;1096,4;1459,9391;0,79;4,63;5,54;-0,771608766586285;-2,52875324145867;0;-5,00000000000007;1112,91000000001;62,1400000000008;-1719,99999999998;-72,4640852076774;14,0000000000001;0,385833333333333;-2,914586574792;-1,15744209991962
1999-06-01;45,09375;1372,709961;166,2;91,199;1098,2;1471,5809;0,789999999999999;4,72;5,9;11,1307167927228;5,30082374975933;0;-8,88178419700125e-14;1164,17999999999;-15,0900000000007;179,999999999995;0;27;0,393333333333333;4,907490416426;10,7373834593895
1999-07-01;42,90625;1328,719971;166,7;91,7767;1097,2;1483,7777;0,76;4,69;5,79;-4,97261530058997;-3,25708087678436;0,300390733540024;-2,99999999999994;1219,68000000002;57,7700000000007;-100;30,0390733540024;-7,99999999999992;0,390833333333333;-3,64791421011769;-5,3634486339233
1999-08-01;46,28125;1320,410034;167,1;92,1675;1092,8;1504,1114;0,75;4,87;5,94;7,57194084998276;-0,627373080270299;0,239664584460009;-0,999999999999979;2033,36999999999;39,0799999999999;-440,000000000009;-6,07261490800148;-3,00000000000002;0,405833333333333;-1,03320641360363;7,16610751664943
1999-09-01;45,28125;1282,709961;167,9;91,7812;1086,2;1511,8946;0,81;4,82;5,92;-2,18438719471163;-2,89673232362908;0,477612848214726;5,99999999999996;778,320000000008;-38,6300000000006;-659,999999999991;23,7948263754717;2,99999999999994;0,401666666666667;-3,29839899029575;-2,5860538613783
1999-10-01;46,28125;1362,930054;168,2;92,9976;1095,1;1519,3952;0,830000000000001;5,02;6,11;2,18438719471163;6,06618367719172;0,178518345535217;2,00000000000014;750,059999999985;121,640000000001;889,999999999986;-29,9094502679509;-0,999999999999979;0,418333333333333;5,64785034385838;1,7660538613783
1999-11-01;45,523399;1388,910034;168,3;93,444;1113;1531,9609;0,79;5,23;6,03;-1,65104539631811;1,88824576201316;0,0594353657912272;-4,00000000000009;1256,57000000001;44,6399999999997;1790,00000000001;-11,908297974399;-29;0,435833333333333;1,45241242867983;-2,08687872965144
1999-12-01;58,375;1469,25;168,3;94,1555;1148,2;1553,622;0,64;5,36;6,28;24,866125848417;5,6232775174478;0;-15;2166,11;71,1500000000001;3520;-5,94353657912272;12;0,446666666666667;5,17661085078113;24,4194591817504
2000-01-01;48,9375;1394,459961;168,8;94,1717;1126,9;1551,8758;0,55;5,5;6,66;-17,634374223804;-5,22448509206006;0,296648096509688;-8,99999999999999;-174,620000000004;1,61999999999978;-2130;29,6648096509688;24;0,458333333333333;-5,68281842539339;-18,0927075571373
2000-02-01;44,6875;1366,420044;169,8;94,4329;1097,4;1549,3285;0,609999999999999;5,73;6,52;-9,08501532967954;-2,03130024416991;0,590669171539027;5,99999999999996;-254,729999999995;26,1200000000002;-2950;29,4021075029338;-37;0,4775;-2,50880024416991;-9,56251532967953
2000-03-01;53,125;1498,579956;171,2;94,7926;1108,9;1553,765;0,69;5,86;6,26;17,2953806790355;9,2323750560162;0,821118983039426;8,00000000000001;443,650000000002;35,9699999999989;1150;23,0449811500399;-39;0,488333333333333;8,74404172268286;16,8070473457021
2000-04-01;34,875;1452,430054;171,3;95,4898;1125,7;1564,2065;0,760000000000001;5,82;5,99;-42,0877387103051;-3,12799107178776;0,0583941622433137;7,00000000000012;1044,14999999999;69,7200000000009;1680;-76,2724820796112;-23;0,485;-3,61299107178776;-42,5727387103051
2000-05-01;31,28125;1420,599976;171,5;95,6421;1100,4;1576,8;0,91;5,99;6,44;-10,8751363626036;-2,21587523033051;0,116686127592036;14,9999999999999;1259,34999999999;15,2299999999997;-2530;5,82919653487224;28;0,499166666666667;-2,71504189699718;-11,3743030292702
2000-06-01;40;1454,599976;172,4;95,7364;1101,8;1601,7713;0,81;5,86;6,1;24,5860577598442;2,36516315516191;0,523409162359822;-9,99999999999996;2497,13000000002;9,4300000000004;139,999999999986;40,6723034767786;-21;0,488333333333333;1,87682982182858;24,0977244265109
2000-07-01;34,90625;1430,829956;172,8;95,5982;1102,8;1619,5092;0,699999999999999;6,14;6,05;-13,6213557844462;-1,64762675163637;0,231749814036242;-11,0000000000001;1773,78999999999;-13,8199999999998;100;-29,1659348323581;-33;0,511666666666667;-2,15929341830303;-14,1330224511129
2000-08-01;34,90625;1517,680054;172,8;95,3172;1094,5;1649,8667;0,71;6,28;5,83;0;5,89282239202173;0;1,00000000000007;3035,75000000001;-28,1000000000006;-829,999999999995;-23,1749814036242;-36;0,523333333333333;5,3694890586884;-0,523333333333333
2000-09-01;30,15625;1436,51001;173,7;95,6844;1088,8;1667,073;0,73;6,18;5,8;-14,6273697730215;-5,49663209040547;0,519481687710321;1,99999999999996;1720,63000000001;36,7199999999997;-570,000000000005;51,9481687710321;7,00000000000003;0,515;-6,01163209040547;-15,1423697730215
2000-10-01;34,4375;1429,400024;174;95,3974;1092,2;1685,7886;0,79;6,29;5,74;13,2753888373874;-0,496177514471796;0,172562596747028;6,00000000000005;1871,56;-28,6999999999992;340,000000000009;-34,6919090963294;-17;0,524166666666667;-1,02034418113846;12,7512221707207
2000-11-01;28,6875;1314,949951;174,1;95,4158;1092,1;1705,9647;0,829999999999999;6,36;5,72;-18,268459909237;-8,34561877646234;0,0574547559613947;3,99999999999991;2017,60999999999;1,83999999999997;-10,0000000000136;-11,5107840785633;-8,99999999999999;0,53;-8,87561877646234;-18,798459909237
2000-12-01;21,6875;1320,280029;174;95,1619;1111,7;1741,2669;0,81;5,94;5,24;-27,9725430113686;0,404525245153575;-0,0574547559613947;-1,99999999999996;3530,22000000001;-25,3900000000002;1960,00000000001;-11,4909511922789;-6,00000000000005;0,495;-0,0904747548464248;-28,4675430113686
2001-01-01;30,53125;1366,01001;175,1;94,5502;1100,4;1744,1743;0,779999999999999;5,29;5,16;34,2014691535978;3,40502318056943;0,630194007727702;-3,00000000000002;290,739999999983;-61,1699999999999;-1130;68,7648763689097;57;0,440833333333333;2,9641898472361;33,7606358202645
2001-02-01;29,5;1239,939941;175,8;93,9755;1089,8;1746,9784;0,77;5,01;5,1;-3,43604858972819;-9,68311453200803;0,398974595927015;-0,99999999999989;280,410000000006;-57,4700000000007;-1060,00000000001;-23,1219411800687;22;0,4175;-10,100614532008;-3,85354858972819
2001-03-01;27,34375;1160,329956;176,2;93,7253;1111,2;1749,7244;0,859999999999999;4,54;4,89;-7,59022797878863;-6,63585342674295;0,227272825100311;8,9999999999999;274,600000000009;-25,0199999999992;2140,00000000001;-17,1701770826704;26;0,378333333333333;-7,01418676007629;-7,96856131212197
2001-04-01;33,875;1249,459961;176,9;93,4567;1126,7;1765,9235;0,87;3,97;5,14;21,4189295641977;7,40070172627432;0,396488766366065;1,00000000000007;1619,91;-26,8600000000006;1550;16,9215941265755;82,0000000000001;0,330833333333333;7,06986839294098;21,0880962308644
2001-05-01;34,59;1255,819946;177,7;92,8842;1114,7;1773,8828;0,78;3,7;5,39;2,08873437492128;0,507727591229923;0,451213399486594;-8,99999999999999;795,929999999998;-57,2499999999991;-1200;5,47246331205287;52;0,308333333333333;0,199394257896589;1,78040104158794
2001-06-01;36,5;1224,380005;178;92,3317;1126,3;1784,2492;0,79;3,57;5,28;5,37476376393684;-2,53541051659312;0,168681513147906;0,999999999999979;1036,63999999999;-55,2500000000009;1159,99999999999;-28,2531886338688;1,99999999999991;0,2975;-2,83291051659312;5,07726376393684
2001-07-01;33,095001;1211,22998;177,5;91,8098;1139,7;1787,2355;0,84;3,59;5,24;-9,79300168015156;-1,07982418017398;-0,281294137661448;4,99999999999998;298,630000000003;-52,1900000000002;1340,00000000001;-44,9975650809353;-5,99999999999992;0,299166666666667;-1,37899084684065;-10,0921683468182
2001-08-01;28,525;1133,579956;177,5;91,6849;1144,5;1805,4935;0,83;3,44;4,97;-14,8601348038791;-6,6255628190409;0;-0,999999999999979;1825,8;-12,4899999999997;479,999999999995;28,1294137661448;-12,0000000000001;0,286666666666667;-6,91222948570756;-15,1468014705458
2001-09-01;25,584999;1040,939941;178,3;91,3345;1193,6;1814,3515;0,859999999999999;2,69;4,73;-10,8774692576486;-8,52566331114488;0,449691595362456;2,99999999999994;885,799999999995;-35,0399999999993;4909,99999999999;44,9691595362456;51,0000000000001;0,224166666666667;-8,74982997781155;-11,1016359243153
2001-10-01;29,075001;1059,780029;177,7;90,9389;1159,2;1832,5003;0,88;2,2;4,57;12,7872529626884;1,79372723728264;-0,337078970848914;2,00000000000005;1814,87999999999;-39,5600000000002;-3439,99999999999;-78,677056621137;33;0,183333333333333;1,61039390394931;12,603919629355
2001-11-01;32,105;1139,449951;177,4;90,4853;1169;1863,0953;0,84;1,91;4,65;9,91330484474751;7,24842800659991;-0,168966528512726;-4;3059,5;-45,3600000000009;979,999999999995;16,8112442336188;37;0,159166666666667;7,08926133993324;9,75413817808084
2001-12-01;33,125;1148,079956;176,7;90,515;1208,5;1891,8268;1,28;1,72;5,09;3,12765030603748;0,754529671224446;-0,395369054982808;44,0000000000001;2873,15000000001;2,97000000000054;3950;-22,6402526470082;63;0,143333333333333;0,611196337891113;2,98431697270414
2002-01-01;31,855;1130,199951;177,1;91,0881;1191,8;1883,4792;1,32;1,68;5,04;-3,90939287379348;-1,56963786972364;0,226116546313726;3,99999999999991;-834,760000000006;57,3099999999997;-1670;62,1485601296534;-0,999999999999979;0,14;-1,70963786972364;-4,04939287379348
2002-02-01;29,17;1106,72998;177,8;91,0698;1178,3;1880,3387;1,38;1,76;4,91;-8,80535716888216;-2,09848613912635;0,394477829101625;5,99999999999996;-314,049999999997;-1,82999999999964;-1350;16,8361282787899;-21;0,146666666666667;-2,24515280579302;-8,95202383554882
2002-03-01;30,155001;1147,390015;178,8;91,8012;1196,8;1883,5163;1,3;1,83;5,28;3,32099961853158;3,60801073971615;0,560853965960995;-8,00000000000001;317,759999999998;73,1399999999994;1850;16,637613685937;30;0,1525;3,45551073971615;3,16849961853158
2002-04-01;26,129999;1076,920044;179,8;92,1815;1196,9;1895,6902;1,27;1,75;5,21;-14,3266738802613;-6,3384655000303;0,557725929810626;-3,00000000000002;1217,39;38,0300000000005;10,0000000000136;-0,312803615036827;0,999999999999979;0,145833333333333;-6,48429883336363;-14,4725072135946
2002-05-01;25,455;1067,140015;179,8;92,5668;1186;1906,4724;1,34;1,76;5,16;-2,61718539080333;-0,912296909812227;0;7,00000000000003;1078,22000000001;38,5300000000001;-1090,00000000001;-55,7725929810626;-5,99999999999996;0,146666666666667;-1,05896357647889;-2,76385205747
2002-06-01;27,35;989,820007;179,9;93,4503;1194,7;1917,644;1,32;1,73;4,93;7,18043415136909;-7,52143502601754;0,0556018918967283;-1,99999999999996;1117,15999999999;88,3499999999998;870,000000000005;5,56018918967283;-20,0000000000001;0,144166666666667;-7,66560169268421;7,03626748470242
2002-07-01;23,99;911,619995;180,1;93,2282;1200,4;1928,371;1,37;1,71;4,65;-13,1079452016387;-8,22998843946339;0,111111122542251;4,99999999999998;1072,70000000001;-22,2099999999998;570,000000000005;5,55092306455229;-25,9999999999999;0,1425;-8,37248843946339;-13,2504452016387
2002-08-01;24,540001;916,070007;180,7;93,227;1182,3;1946,781;1,21;1,65;4,26;2,26674031809577;0,486955751639506;0,332594541627262;-16;1840,99999999999;-0,11999999999972;-1810,00000000001;22,1483419085011;-33;0,1375;0,349455751639506;2,12924031809577
2002-09-01;21,870001;815,280029;181;93,3597;1185,8;1951,6084;1,25;1,66;3,87;-11,5188599619148;-11,6561140518603;0,16588336676433;4;482,740000000013;13,27;350;-16,6711174862932;-40;0,138333333333333;-11,7944473851936;-11,6571932952482
2002-10-01;26,735001;885,76001;181,3;93,0804;1196,6;1960,5578;1,41;1,61;3,94;20,0857725391434;8,29143967478956;0,165608649497972;16;894,939999999997;-27,9300000000006;1080;-0,0274717266357527;12;0,134166666666667;8,15727300812289;19,9516058724767
2002-11-01;28,84;936,309998;181,3;93,5589;1205,3;1970,6353;1,31;1,25;4,05;7,57897066119022;5,55005712503283;0;-9,99999999999996;1007,74999999999;47,8499999999997;870,000000000005;-16,5608649497972;47;0,104166666666667;5,44589045836616;7,47480399452355
2002-12-01;25,85;879,820007;180,9;93,1088;1245,5;1997,0077;1,24;1,21;4,03;-10,945271146231;-6,22292670376581;-0,220872535955596;-7,00000000000003;2637,24000000002;-45,0099999999992;4020;-22,0872535955596;1,99999999999996;0,100833333333333;-6,32376003709914;-11,0461044795643
2003-01-01;23,73;855,700012;181,7;93,6494;1225,5;2000,6933;1,18;1,19;4,05;-8,55705305067662;-2,77974876039897;0,441258300087544;-6,00000000000005;368,559999999979;54,0599999999998;-2000;66,213083604314;4,00000000000005;0,0991666666666667;-2,87891542706564;-8,65621971734329
2003-02-01;23,700001;841,150024;183,1;93,9475;1225,5;1992,2759;1,11;1,19;3,9;-0,126498011249465;-1,71498297500801;0,767547627833931;-7,00000000000003;-841,739999999982;29,8100000000005;0;32,6289327746387;-15;0,0991666666666667;-1,81414964167467;-0,225664677916132
2003-03-01;24,209999;848,179993;184,2;93,735;1245,1;1989,1227;1,06;1,15;3,81;2,12906393095431;0,832283746749862;0,598967214074175;-4,99999999999989;-315,32000000002;-21,2500000000006;1959,99999999999;-16,8580413759756;-4,99999999999998;0,0958333333333333;0,736450413416529;2,03323059762098
2003-04-01;25,57;916,919983;183,8;93,0815;1259,6;2004,1979;1,11;1,15;3,96;5,46540596583749;7,79273397421107;-0,217391389961996;4,99999999999989;1507,52;-65,3499999999994;1450;-81,6358604036171;15;0,0958333333333333;7,69690064087774;5,36957263250416
2003-05-01;24,610001;963,590027;183,5;93,1002;1266,6;2018,08;1,16;1,09;3,57;-3,8266884266243;4,96457120498341;-0,163354242696112;5,00000000000007;1388,21;1,86999999999955;700;5,4037147265884;-33;0,0908333333333333;4,87373787165008;-3,91752175995764
2003-06-01;25,639999;974,5;183,7;93,2544;1284,7;2021,9304;1,22;0,94;3,33;4,10006880140563;1,12585979906363;0,108932472645495;6,00000000000005;385,040000000004;15,4200000000003;1810,00000000001;27,2286715341608;-9,00000000000003;0,0783333333333333;1,0475264657303;4,0217354680723
2003-07-01;26,41;990,309998;183,9;93,6579;1287,9;2028,5536;1,13;0,92;3,98;2,95891332581322;1,60935044592039;0,10881393891955;-9,00000000000007;662,32;40,3499999999994;320,000000000005;-0,0118533725945724;67;0,0766666666666667;1,53268377925372;2,88224665914655
2003-08-01;26,52;1008,01001;184,6;93,5162;1292,2;2049,0986;1,13;0,97;4,45;0,415643900862106;1,77153557307426;0,379919045847643;0;2054,49999999998;-14,17;429,999999999995;27,1105106928093;42;0,0808333333333333;1,69070223974092;0,334810567528773
2003-09-01;27,799999;995,969971;185,2;94,0695;1286,2;2059,6753;1,07;0,96;4,27;4,71368194077058;-1,20162716058649;0,324500014332685;-5,99999999999996;1057,67000000001;55,3300000000007;-600;-5,54190315149583;-17,0000000000001;0,08;-1,28162716058649;4,63368194077058
2003-10-01;26,139999;1050,709961;185;94,2091;1288,8;2069,6832;1,03;0,94;4,29;-6,15693147848395;5,35042604645302;-0,108049713375458;-4;1000,79000000001;13,9600000000002;259,999999999991;-43,2549727708142;4,00000000000005;0,0783333333333333;5,27209271311968;-6,23526481181728
2003-11-01;25,709999;1058,199951;184,5;94,937;1293,9;2072,467;1,01;0,95;4,3;-1,65866875581022;0,710321616875742;-0,270636159774273;-2,00000000000005;278,380000000016;72,7899999999991;510,000000000014;-16,2586446398816;-4,44089209850063e-14;0,0791666666666667;0,631154950209075;-1,73783542247689
2003-12-01;27,370001;1111,920044;184,3;94,8627;1332,5;2102,932;0,98;0,91;4,27;6,25675772065146;4,95189851827096;-0,10845988048036;-3,00000000000002;3046,49999999997;-7,42999999999938;3859,99999999999;16,2176279293913;0,999999999999979;0,0758333333333333;4,87606518493762;6,18092438731813
2004-01-01;27,65;1131,130005;185,2;95,1113;1301,8;2108,3252;0,9;0,9;4,15;1,01781683794031;1,71288471121338;0,487145753630092;-7,99999999999992;539,320000000043;24,8599999999996;-3070;59,5605634110452;-10,9999999999999;0,075;1,63788471121338;0,942816837940311
2004-02-01;26,530001;1144,939941;186,2;95,6793;1306,7;2094,3725;0,77;0,94;4,08;-4,13495221255187;1,21350448776818;0,538504263088768;-13,0000000000001;-1395,27000000003;56,7999999999998;490,000000000009;5,13585094586766;-11;0,0783333333333333;1,13517115443485;-4,2132855458852
2004-03-01;24,93;1126,209961;187,4;95,2063;1337,9;2096,472;0,78;0,95;3,83;-6,22043083073587;-1,64942037683247;0,642400496135487;1,00000000000007;209,950000000026;-47,2999999999999;3120;10,3896233046719;-26;0,0791666666666667;-1,72858704349913;-6,29959749740253
2004-04-01;26,129999;1107,300049;188;95,6346;1343,2;2101,0033;0,73;0,96;4,35;4,70121437268665;-1,69333146133397;0,319659302562769;-5,00000000000007;453,129999999965;42,8300000000007;529,999999999995;-32,2741193572718;51;0,08;-1,77333146133397;4,62121437268665
2004-05-01;26,23;1120,680054;189,1;96,3952;1333,4;2109,8133;0,71;1,04;4,72;0,381975261644962;1,20110281388106;0,58340128344625;-1,99999999999996;880,999999999995;76,0599999999997;-979,999999999995;26,3741980883481;29,0000000000001;0,0866666666666667;1,11443614721439;0,295308594978296
2004-06-01;28,559999;1140,839966;189,7;95,6045;1347,7;2114,5394;0,77;1,29;4,73;8,51033085785953;1,78291112616815;0,316790127655686;6,00000000000005;472,610000000032;-79,0700000000001;1430;-26,6611155790564;-24;0,1075;1,67541112616815;8,40283085785953
2004-07-01;28,49;1101,719971;189,4;96,3379;1338,8;2124,4681;0,8;1,36;4,5;-0,245395394756098;-3,48922347352065;-0,158269618899087;2,99999999999994;992,869999999994;73,3400000000003;-890,000000000009;-47,5059746554773;-30,0000000000001;0,113333333333333;-3,60255680685399;-0,358728728089432
2004-08-01;27,299999;1104,23999;189,5;96,4107;1352,6;2144,5127;0,81;1,5;4,28;-4,266648294894;0,228473783819005;0,0527843770503189;0,999999999999979;2004,46000000002;7,28000000000009;1380;21,1053995949406;-36;0,125;0,103473783819005;-4,391648294894
2004-09-01;27,65;1114,579956;189,9;96,4943;1349,1;2164,8745;0,81;1,68;4,13;1,2739062407467;0,93203063814542;0,210859329575896;0;2036,17999999997;8,35999999999899;-350;15,8074952525578;-32,9999999999999;0,14;0,79203063814542;1,1339062407467
2004-10-01;27,969999;1130,199951;190,9;97,4107;1351,4;2181,5729;0,74;1,79;4,1;1,15067434929319;1,39169519998088;0,525211291346217;-6,99999999999994;1669,84000000002;91,640000000001;230,000000000018;31,4351961770321;-14,0000000000001;0,149166666666667;1,24252853331421;1,00150768262652
2004-11-01;26,809999;1173,819946;191;97,6207;1371;2191,7173;0,680000000000001;2,11;4,19;-4,23575565129233;3,78687768126449;0,0523697314927851;-5,99999999999996;1014,43999999997;20,9999999999994;1959,99999999999;-47,2841559853432;-23;0,175833333333333;3,61104434793116;-4,41158898462566
2004-12-01;26,719999;1211,920044;190,3;98,3284;1401,5;2220,1189;0,680000000000001;2,22;4,23;-0,336260370505759;3,19425735028656;-0,367165374452583;0;2840,16000000001;70,7700000000003;3050;-41,9535105945368;-6,99999999999994;0,185;3,00925735028656;-0,521260370505759
2005-01-01;26,280001;1181,27002;190,7;98,7904;1361,5;2218,5904;0,659999999999999;2,37;4,22;-1,66040795751354;-2,56157673436119;0,209973830426957;-2,00000000000014;-152,849999999989;46,2000000000003;-4000;57,713920487954;-16;0,1975;-2,75907673436119;-1,85790795751354
2005-02-01;25,16;1203,599976;191,8;99,455;1355;2210,3064;0,62;2,58;4,17;-4,35527998359193;1,87268980032282;0,575164984296439;-3,99999999999991;-828,400000000011;66,4599999999993;-650;36,5191153869482;-26,0000000000001;0,215;1,65768980032282;-4,57027998359193
2005-03-01;24,17;1180,589966;193,3;99,3156;1381,7;2204,9743;0,659999999999999;2,8;4,5;-4,01432371168484;-1,93027611135088;0,779022376494698;3,99999999999991;-533,210000000008;-13,9399999999995;2670;20,3857392198259;11;0,233333333333333;-2,16360944468421;-4,24765704501818
2005-04-01;25,299999;1156,849976;194,6;99,4648;1369,4;2218,3824;0,72;2,84;4,34;4,56921614923904;-2,03135112945025;0,670278353761944;6,00000000000005;1340,81000000001;14,9199999999993;-1230;-10,8744022732754;-20;0,236666666666667;-2,26801779611692;4,33254948257238
2005-05-01;25,799999;1191,5;194,4;99,597;1369,5;2219,4073;0,859999999999999;2,9;4,14;1,95700969600989;2,9512244131098;-0,102827772556591;14;102,489999999989;13,2199999999997;9,99999999999091;-77,3106126318535;-26;0,241666666666667;2,70955774644313;1,71534302934323
2005-06-01;24,84;1191,329956;194,5;99,9838;1384,3;2232,3891;0,9;3,04;4;-3,79191961026031;-0,0142724410410189;0,0514271032162839;4,00000000000009;1298,18;38,6800000000008;1480;15,4254875772875;-28;0,253333333333333;-0,267605774374352;-4,04525294359364
2005-07-01;25,610001;1234,180054;195,4;99,6737;1365,4;2243,3824;0,890000000000001;3,29;4,18;3,05276821934024;3,53365325519874;0,461657655018133;-0,999999999999979;1099,33000000001;-31,0100000000006;-1889,99999999999;41,0230551801849;-7,00000000000003;0,274166666666667;3,25948658853208;2,77860155267357
2005-08-01;27,379999;1220,329956;196,4;99,9451;1376,9;2269,9876;0,87;3,52;4,26;6,68298440786126;-1,12855477819274;0,510465631168255;-2,00000000000005;2660,52;27,14;1150;4,88079761501226;-15;0,293333333333333;-1,42188811152607;6,38965107452793
2005-09-01;25,73;1228,810059;198,8;98,0824;1363,5;2278,3847;0,9;3,49;4,2;-6,21551570436401;0,692499149661163;1,21458983021085;3,00000000000002;839,710000000014;-186,269999999999;-1340,00000000001;70,4124199042599;-2,99999999999998;0,290833333333333;0,40166581632783;-6,50634903769734
2005-10-01;25,700001;1207,01001;199,2;99,3185;1365,4;2282,037;0,95;3,79;4,46;-0,116659548197351;-1,79000340427695;0,201005092802387;4,99999999999998;365,229999999974;123,609999999999;190,000000000009;-101,358473740847;-4;0,315833333333333;-2,10583673761029;-0,432492881530684
2005-11-01;27,68;1249,47998;197,6;100,3282;1373,6;2294,232;0,97;3,97;4,54;7,42190999377894;3,4581213385394;-0,806455983672993;1,99999999999996;1219,50000000002;100,97;819,999999999982;-100,746107647538;-10;0,330833333333333;3,12728800520607;7,09107666044561
2005-12-01;26,15;1248,290039;196,8;100,9458;1397,2;2320,5549;0,95;3,97;4,47;-5,68609402385367;-0,0952802764842886;-0,405680069561498;-1,99999999999996;2632,29000000001;61,760000000001;2360,00000000001;40,0775914111495;-6,99999999999994;0,330833333333333;-0,426113609817622;-6,01692735718701
2006-01-01;28,15;1280,079956;198,3;101,0637;1375,5;2360,4279;0,95;4,34;4,42;7,36981640747674;2,51478956149267;0,759305090759721;0;3987,3;11,7899999999992;-2170;116,498516032122;-42;0,361666666666667;2,153122894826;7,00814974081007
2006-02-01;26,870001;1280,660034;198,7;101,0761;1362;2340,9816;0,92;4,54;4,57;-4,65368947420739;0,0453054985814383;0,201511403202126;-3,00000000000002;-1944,63000000001;1,23999999999995;-1350;-55,7793687557595;-4,99999999999998;0,378333333333333;-0,333027834751895;-5,03202280754072
2006-03-01;27,209999;1294,869995;199,8;101,2742;1394,7;2337,5852;0,88;4,63;4,72;1,25740562003345;1,10347035592575;0,552071665668219;-4;-339,640000000009;19,8099999999997;3270;35,0560262466093;5,99999999999996;0,385833333333333;0,717637022592418;0,871572286700114
2006-04-01;24,15;1310,609985;201,5;101,6854;1393,6;2350,66;0,84;4,72;4,99;-11,9300135945378;1,20823660914837;0,847251517228464;-4;1307,47999999999;41,1200000000008;-110,000000000014;29,5179851560246;18,0000000000001;0,393333333333333;0,814903275815039;-12,3233469278711
2006-05-01;22,65;1270,089966;202,5;101,5801;1392,1;2362,5169;0,8;4,84;5,11;-6,41245281695388;-3,14049289105967;0,495050515985618;-4;1185,69000000002;-10,53;-150;-35,2201001242847;-8,88178419700125e-14;0,403333333333333;-3,543826224393;-6,81578615028722
2006-06-01;23,299999;1270,199951;202,9;101,9746;1379;2349,6114;0,890000000000001;4,92;5,11;2,82934657241558;0,00865924785458105;0,197336028517459;9,00000000000007;-1290,55000000003;39,4499999999994;-1309,99999999999;-29,7714487468159;-7,99999999999992;0,41;-0,401340752145419;2,41934657241558
2006-07-01;24,059999;1276,660034;203,5;101,9374;1368,6;2363,1473;0,91;5,08;5,09;3,20973513305733;0,507298940055367;0,295275805088124;1,99999999999996;1353,59000000003;-3,71999999999986;-1040,00000000001;9,79397765706658;-18,0000000000001;0,423333333333333;0,083965606722034;2,786401799724
2006-08-01;25,700001;1303,819946;203,9;102,3309;1370,6;2398,8277;0,91;5,09;4,88;6,59403618279071;2,1051056539239;0,196367269775966;0;3568,03999999997;39,3500000000003;200;-9,89085353121588;-22;0,424166666666667;1,68093898725723;6,16986951612404
2006-09-01;27,35;1335,849976;202,9;102,1204;1347,4;2411,4409;0,92;4,93;4,72;6,22254980563111;2,42693996459753;-0,49164307486409;0,999999999999979;1261,32000000002;-21,0499999999996;-2319,99999999998;-68,8010344640055;0;0,410833333333333;2,0161066312642;5,81171647229777
2006-10-01;28,709999;1377,939941;201,8;102,0653;1360,3;2406,8593;0,91;5,05;4,73;4,85289304339123;3,10218120657755;-0,543613891225991;-0,999999999999979;-458,159999999998;-5,51000000000101;1289,99999999999;-5,19708163619015;-11;0,420833333333333;2,68134787324421;4,43205971005789
2006-11-01;29,360001;1400,630005;201,5;101,9538;1368,5;2423,4063;0,87;5,07;4,6;2,23877785043571;1,63325515097217;-0,148772653277085;-4;1654,7;-11,1499999999992;820,000000000005;39,4841237948906;-14,9999999999999;0,4225;1,21075515097217;1,81627785043571
2006-12-01;29,860001;1418,300049;201,8;103,026;1387,7;2456,7157;0,899999999999999;4,97;4,56;1,68865877944024;1,25368668954273;0,148772653277085;2,99999999999994;3330,94000000001;107,22;1920;29,754530655417;5,99999999999996;0,414166666666667;0,839520022876066;1,27449211277358
2007-01-01;30,860001;1438,23999;202,416;102,4915;1369;2456,9939;0,94;5,11;4,76;3,29410537387593;1,39611310231826;0,304787775280513;4;27,8199999999742;-53,4499999999994;-1870;15,6015122003428;6,00000000000005;0,425833333333333;0,970279768984931;2,8682720405426
2007-02-01;28,17;1406,819946;203,499;103,5443;1347,5;2441,2631;0,890000000000001;5,16;4,72;-9,12032974511403;-2,208833709589;0,533610519334804;-4,99999999999989;-1573,07999999998;105,28;-2150;22,8822744054291;-9,00000000000007;0,43;-2,638833709589;-9,55032974511403
2007-03-01;27,870001;1420,859985;205,352;103,7537;1378,4;2440,1723;0,97;5,08;4,56;-1,07067045135496;0,993051174274218;0,906448895867573;7,99999999999992;-109,079999999994;20,9399999999988;3090,00000000001;37,2838376532769;-7,99999999999992;0,423333333333333;0,569717840940884;-1,49400378468829
2007-04-01;29,940001;1482,369995;206,686;104,5018;1392,3;2449,7818;0,92;5,01;4,69;7,16445350168837;4,23798434216147;0,647515355840866;-4,99999999999998;960,950000000003;74,8100000000008;1389,99999999999;-25,8933540026707;19,9999999999999;0,4175;3,82048434216147;6,74695350168837
2007-05-01;30,690001;1530,619995;207,949;104,5419;1385,6;2467,6496;0,92;4,87;4,75;2,47414888239326;3,20307238543878;0,609212394633118;0;1786,78;4,00999999999954;-670,000000000005;-3,83029612077479;20;0,405833333333333;2,79723905210544;2,06831554905992
2007-06-01;29,469999;1503,349976;208,352;104,5669;1370,8;2476,9657;0,91;4,74;5,1;-4,05641383987581;-1,79769435176871;0,193609972537434;-0,999999999999979;931,610000000001;2,50000000000057;-1480;-41,5602422095684;48;0,395;-2,19269435176871;-4,4514138398758
2007-07-01;28,99;1455,27002;208,299;104,5217;1368,6;2498,5618;0,92;4,96;5;-1,64218198832256;-3,25044711336862;-0,0254409567172154;0,999999999999979;2159,60999999998;-4,52000000000083;-220,000000000005;-21,9050929254649;-32;0,413333333333333;-3,66378044670195;-2,05551532165589
2007-08-01;28,73;1473,98999;207,917;104,7387;1372,8;2539,6141;0,86;4,32;4,67;-0,900906994236594;1,27815385378183;-0,183558588453359;-5,99999999999996;4105,22999999998;21,6999999999999;420,000000000005;-15,8117631736143;31;0,36;0,918153853781827;-1,26090699423659
2007-09-01;29,459999;1526,75;208,49;105,1499;1356,3;2555,5525;0,85;3,99;4,52;2,50915040989539;3,51682904217974;0,275211685521892;-1,00000000000007;1593,84;41,1200000000008;-1650;45,8770273975251;18,0000000000001;0,3325;3,18432904217974;2,17665040989539
2007-10-01;36,810001;1549,380005;208,936;104,7167;1369,4;2563,149;0,82;4;4,53;22,2736197467308;1,47135610158058;0,213690651620446;-2,99999999999994;759,650000000011;-43,3199999999999;1310,00000000001;-6,1521033901446;0;0,333333333333333;1,13802276824725;21,9402864133975
2007-11-01;33,599998;1481,140015;210,177;105,3037;1370,5;2582,568;0,96;3,35;4,15;-9,12435671121132;-4,50427824691788;0,59220478815396;14;1941,90000000003;58,7000000000003;109,999999999991;37,8514136533514;27;0,279166666666667;-4,78344491358455;-9,40352337787799
2007-12-01;35,599998;1468,359985;210,036;105,353;1394,9;2609,4765;1,16;3,07;4,1;5,78195742328607;-0,866595014761451;-0,0671088259010411;20;2690,85;4,92999999999881;2440,00000000001;-65,9313614055002;23;0,255833333333333;-1,12242834809478;5,52612408995273
2008-01-01;32,599998;1378,550049;211,08;105,073;1375,9;2620,4651;1,21;2,82;3,74;-8,8033354655241;-6,31138638422053;0,495826394076815;4,99999999999998;1098,85999999997;-28,0000000000001;-1900;56,2935219977856;-11;0,235;-6,54638638422053;-9,0383354655241
2008-02-01;27,200001;1330,630005;211,693;104,7137;1365,9;2606,9068;1,29;2,17;3,74;-18,109521695631;-3,53797396290574;0,289990339772039;8,00000000000001;-1355,82999999997;-35,929999999999;-1000;-20,5836054304775;65;0,180833333333333;-3,71880729623907;-18,2903550289643
2008-03-01;28,379999;1322,699951;213,528;104,4635;1401,1;2602,0076;1,38;1,28;3,51;4,24676264291572;-0,597745304443009;0,863085967538879;8,99999999999999;-489,920000000029;-25,0200000000007;3519,99999999998;57,309562776684;65,9999999999999;0,106666666666667;-0,704411971109676;4,14009597624906
2008-04-01;28,52;1385,589966;214,823;103,6727;1406,6;2611,8127;1,42;1,31;3,68;0,492095905028123;4,6450952167211;0,604646164196332;4;980,510000000004;-79,079999999999;550;-25,8439803342547;14,0000000000001;0,109166666666667;4,53592855005443;0,382929238361456
2008-05-01;28,32;1400,380005;216,632;103,085;1396,5;2616,4559;1,36;1,76;3,88;-0,703732672057633;1,06176147613928;0,838562816766775;-6,00000000000005;464,319999999998;-58,7700000000012;-1009,99999999999;23,3916652570443;-25;0,146666666666667;0,915094809472611;-0,8503993387243
2008-06-01;27,51;1280;218,815;102,8361;1407,3;2620,4528;1,39;1,89;4,1;-2,90186938890358;-8,98835540015046;1,00265625364644;3,00000000000011;399,69000000001;-24,8899999999992;1080;16,4093436879664;8,99999999999999;0,1575;-9,14585540015046;-3,05936938890358
2008-07-01;25,719999;1267,380005;219,964;102,2939;1417,7;2629,3459;1,49;1,66;4,01;-6,7280714447314;-0,990829654130998;0,523727264216323;9,99999999999996;889,309999999978;-54,2200000000008;1040,00000000001;-47,8928989430116;14;0,138333333333333;-1,12916298746433;-6,86640477806473
2008-08-01;27,290001;1282,829956;219,086;100,7209;1401,3;2646,7961;1,51;1,75;3,89;5,92515108745362;1,21167592163998;-0,399954980254158;2,00000000000005;1745,02000000002;-157,299999999999;-1640,00000000001;-92,3682244470481;-21;0,145833333333333;1,06584258830664;5,77931775412028
2008-09-01;26,690001;1166,359985;218,783;96,3567;1441,5;2643,8133;1,66;1,15;3,69;-2,22313704800574;-9,51807653357317;-0,138397579350702;14,9999999999999;-298,280000000022;-436,42;4020;26,1557400903456;40;0,0958333333333333;-9,61390986690651;-2,31897038133907
2008-10-01;22,33;968,75;216,573;97,2844;1462,6;2638,9642;2,6;0,69;3,81;-17,8357935031582;-18,5636473585464;-1,01526979454309;94,0000000000001;-484,909999999991;92,7700000000002;2109,99999999999;-87,6872215192392;58;0,0575;-18,6211473585464;-17,8932935031582
2008-11-01;20,219999;896,23999;212,425;96,0552;1513,7;2634,9913;3,09;0,19;3,53;-9,92589017157264;-7,77983575748147;-1,93386881677506;49;-397,289999999975;-122,920000000001;5110,00000000001;-91,859902223197;22;0,0158333333333333;-7,7956690908148;-9,94172350490597
2008-12-01;19,440001;903,25;210,228;93,252;1632,3;2643,789;3,38;0,03;2,42;-3,93393136637195;0,779114693500738;-1,03963288479196;28,9999999999999;879,770000000008;-280,32;11860;89,4235931983101;-95;0,0025;0,776614693500738;-3,93643136637195
2009-01-01;17,1;825,880005;211,143;91,0332;1580,7;2648,6914;3,09;0,13;2,52;-12,8254386964006;-8,95498794569232;0,434297300090591;-28,9999999999999;490,239999999994;-221,88;-5159,99999999999;147,393018488255;0;0,0108333333333333;-8,96582127902565;-12,836272029734
2009-02-01;16,15;735,090027;212,193;90,4375;1552;2610,0316;2,81;0,3;2,87;-5,71584138399488;-11,6456513144467;0,496060884577609;-28;-3865,98000000004;-59,5699999999994;-2870;6,17635844870179;18;0,025;-11,6706513144467;-5,74084138399488
2009-03-01;18,370001;797,869995;212,709;89,0085;1594,9;2578,1788;2,92;0,22;2,82;12,8798903994948;8,19526932177634;0,242879653971606;10,9999999999999;-3185,27999999997;-142,9;4290,00000000001;-25,3181230606003;3,00000000000002;0,0183333333333333;8,17693598844301;12,8615570661615
2009-04-01;20,26;872,809998;213,24;88,2959;1627,7;2570,8182;3;0,16;2,93;9,79295451569233;8,97722188962051;0,249325752647689;8,0000000000001;-736,059999999998;-71,2599999999995;3280;0,644609867608281;17;0,0133333333333333;8,96388855628718;9,779621182359
2009-05-01;20,889999;919,140015;213,856;87,4078;1617,9;2565,7749;2,52;0,18;3,29;3,06220288781418;5,17205770319347;0,288459937409957;-48;-504,330000000027;-88,8100000000009;-979,999999999995;3,91341847622684;34;0,015;5,15705770319347;3,04720288781418
2009-06-01;23,77;919,320007;215,693;87,0694;1661,7;2548,8685;1,89;0,18;3,72;12,9153753673423;0,0195807358790212;0,855320905956169;-63,0000000000001;-1690,63999999998;-33,8399999999993;4380;56,6860968546212;43;0,015;0,00458073587902121;12,9003753673423
2009-07-01;23,52;987,47998;215,351;88,0285;1657,7;2550,7566;1,68;0,18;3,56;-1,05731583416762;7,1521949220994;-0,158684529544662;-21;188,810000000012;95,9099999999992;-400;-101,400543550083;-16;0,015;7,1371949220994;-1,07231583416762
2009-08-01;24,65;1020,619995;215,834;89,0244;1651,3;2563,0423;1,32;0,17;3,59;4,69257774582728;3,30093367027287;0,224033861112716;-35,9999999999999;1228,56999999999;99,5900000000006;-640,000000000009;38,2718390657377;4;0,0141666666666667;3,2867670036062;4,67841107916061
2009-09-01;25,719999;1057,079956;215,969;89,6975;1641;2558,788;1,18;0,12;3,4;4,24919600004703;3,51000674308315;0,0625285161977018;-14,0000000000001;-425,430000000006;67,3100000000005;-1030;-16,1505344915014;-14;0,01;3,50000674308315;4,23919600004703
2009-10-01;27,73;1036,189941;216,177;89,9906;1664,3;2537,2823;1,14;0,07;3,39;7,52459991385175;-1,99598805374466;0,0962637701435121;-4;-2150,57000000002;29,3099999999995;2330;3,37352539458102;4;0,00583333333333333;-2,00182138707799;7,51876658051841
2009-11-01;29,41;1095,630005;216,33;90,3515;1683,1;2533,1247;1,13;0,05;3,4;5,88198929382169;5,57790770857576;0,0707503029463652;-0,999999999999979;-415,76;36,0900000000001;1880;-2,55134671971469;3,00000000000002;0,00416666666666667;5,57374104190909;5,87782262715502
2009-12-01;30,48;1115,099976;215,949;90,6212;1724,4;2555,0166;1,11;0,05;3,59;3,57359782525419;1,76145206146643;-0,176275090234057;-1,99999999999996;2189,19000000001;26,97;4130,00000000002;-24,7025393180422;19;0,00416666666666667;1,75728539479976;3,56943115858753
2010-01-01;28,18;1073,869995;216,687;91,6849;1674,2;2541,7022;0,99;0,06;3,73;-7,84582243479113;-3,76751241926438;0,341164727770771;-12;-1331,43999999998;106,37;-5020;51,7439818004828;13;0,005;-3,77251241926438;-7,85082243479113
2010-02-01;28,67;1104,48999;216,741;92,0073;1685,2;2502,4203;0,99;0,11;3,69;1,72387734247441;2,81147396387649;0,0249176335074708;0;-3928,19;32,2400000000002;1100;-31,62470942633;-8,99999999999999;0,00916666666666667;2,80230729720982;1,71471067580774
2010-03-01;29,290001;1169,430054;217,631;92,6104;1729,5;2493,1294;1;0,15;3,73;2,13949150857085;5,7132815875776;0,40978757629393;0,999999999999979;-929,090000000042;60,3099999999998;4430;38,4869942786459;0;0,0125;5,7007815875776;2,12699150857085
2010-04-01;30,540001;1186,689941;218,009;92,96;1716;2487,7227;0,96;0,16;3,85;4,17911375534414;1,4651372417398;0,173537827042214;-4;-540,67;34,9599999999995;-1350;-23,6249749251716;11;0,0133333333333333;1,45180390840647;4,16578042201081
2010-05-01;25,799999;1089,410034;218,178;94,2988;1708,2;2480,8721;1,09;0,16;3,42;-16,8662879366547;-8,55315727060928;0,0774897043958944;13;-685,059999999976;133,880000000001;-779,999999999995;-9,60481226463195;-43;0,0133333333333333;-8,56649060394261;-16,8796212699881
2010-06-01;23,01;1030,709961;217,965;94,4319;1732,3;2478,4517;1,35;0,12;3,2;-11,4445549120606;-5,5388449179925;-0,0976743943771119;26,0000000000001;-242,039999999997;13,3099999999999;2409,99999999999;-17,5164098773006;-18;0,01;-5,5488449179925;-11,4545549120606
2010-07-01;25,809999;1101,599976;218,011;94,836;1718,4;2479,8822;1,29;0,16;3,01;11,4833070938575;6,65157993260923;0,0211020790918504;-6,00000000000005;143,049999999994;40,41;-1389,99999999999;11,8776473468962;-23;0,0133333333333333;6,6382465992759;11,4699737605241
2010-08-01;23,469999;1049,329956;218,312;95,1423;1739,6;2501,5853;1,17;0,16;2,7;-9,50390077305019;-4,86118233154089;0,137971203786513;-12;2170,31000000002;30,6300000000007;2119,99999999998;11,6869124694663;-31;0,0133333333333333;-4,87451566487423;-9,51723410638352
2010-09-01;24,49;1141,199951;218,439;95,35;1741,4;2503,8551;1,13;0,15;2,65;4,25419037087291;8,39284740895421;0,0581567087789558;-4;226,980000000003;20,7699999999988;180,000000000018;-7,98144950075574;-4;0,0125;8,38034740895421;4,24169037087291
2010-10-01;26,67;1183,26001;218,711;95,0991;1767,4;2505,999;1,04;0,13;2,54;8,52744672298464;3,61930520991756;0,124442427130944;-8,99999999999999;214,389999999958;-25,0899999999987;2600;6,62857183519883;-8,99999999999999;0,0108333333333333;3,60847187658422;8,51661338965131
2010-11-01;25,26;1180,550049;218,803;95,1376;1828,7;2511,5008;1,05;0,14;2,76;-5,43172212715777;-0,229287643221188;0,0420557976914537;0,999999999999979;550,18;3,84999999999991;6130;-8,23866294394904;21;0,0116666666666667;-0,240954309887854;-5,44338879382443
2010-12-01;27,91;1257,640015;219,179;96,0339;1871,4;2646,8113;1,08;0,14;3,29;9,97629306258858;6,32564876429509;0,171696595919357;3,00000000000002;13531,05;89,6299999999997;4270;12,9640798227904;53;0,0116666666666667;6,31398209762842;9,96462639592191
2011-01-01;27,73;1286,119995;220,223;95,9363;1855,6;2655,6747;1,05;0,15;3,39;-0,647018792054421;2,23929694417535;0,475192176879258;-3,00000000000002;886,340000000018;-9,75999999999999;-1580,00000000002;30,34955809599;9,00000000000003;0,0125;2,22679694417535;-0,659518792054421
2011-02-01;26,58;1327,219971;221,309;95,5147;1858,7;2636,2482;0,930000000000001;0,13;3,58;-4,23558063425875;3,14565770776234;0,491924567191759;-11,9999999999999;-1942,65;-42,1599999999998;310,000000000014;1,67323903125016;21;0,0108333333333333;3,13482437442901;-4,24641396759208
2011-03-01;25,389999;1325,829956;223,467;96,4651;1909,4;2628,6009;0,9;0,1;3,41;-4,58036969540978;-0,104786201951335;0,970383713995915;-3,00000000000002;-764,730000000009;95,0400000000002;5070;47,8459146804155;-14;0,00833333333333333;-0,113119535284668;-4,58870302874311
2011-04-01;25,92;1363,609985;224,906;96,1325;1918;2635,195;0,859999999999999;0,06;3,46;2,06595151530724;2,80969385536762;0,641878498776371;-4,00000000000009;659,410000000025;-33,2600000000014;859,999999999991;-32,8505215219543;8,99999999999999;0,005;2,80469385536762;2,06095151530724
2011-05-01;25,01;1345,199951;225,964;96,3347;1934,2;2643,5294;0,82;0,04;3,17;-3,57391265945459;-1,35929193252355;0,469315741537102;-3,99999999999991;833,439999999973;20,2200000000005;1620;-17,256275723927;-27;0,00333333333333333;-1,36262526585689;-3,57724599278793
2011-06-01;26;1320,640015;225,722;96,5889;1954,1;2653,4789;0,76;0,04;3;3,88207931319542;-1,84261855179582;-0,10715409517017;-6,00000000000005;994,950000000017;25,4199999999997;1989,99999999999;-57,6469836707272;-17;0,00333333333333333;-1,84595188512915;3,87874597986209
2011-07-01;27,4;1292,280029;225,922;97,1011;1994,5;2676,9503;0,83;0,04;3;5,24464753725424;-2,17083563525993;0,0885653360048977;7,00000000000003;2347,13999999999;51,2200000000007;4040,00000000001;19,5719431175068;0;0,00333333333333333;-2,17416896859326;5,24131420392091
2011-08-01;26,6;1218,890015;226,545;97,6642;2101,9;2691,0208;0,99;0,02;2,3;-2,96317976063709;-5,84675017537988;0,275379372950368;16;1407,04999999998;56,3099999999991;10740;18,6814036945471;-68;0,00166666666666667;-5,84841684204654;-2,96484642730376
2011-09-01;24,889999;1131,420044;226,889;97,6132;2099,1;2702,9131;1,18;0,01;1,98;-6,64451395849315;-7,4467100959879;0,151731041782188;19;1189,23000000004;-5,09999999999877;-280,000000000018;-12,364833116818;-31;0,000833333333333333;-7,44754342932123;-6,64534729182648
2011-10-01;26,629999;1253,300049;226,421;98,2931;2128,1;2705,2721;1,39;0,02;2,15;6,75722860714845;10,2306591858191;-0,206481289305138;21;235,899999999992;67,9899999999989;2900;-35,8212331087326;16;0,00166666666666667;10,2289925191525;6,75556194048178
2011-11-01;25,58;1246,959961;226,23;98,2325;2164,4;2727,8413;1,27;0,01;2,01;-4,02275661235101;-0,507155380952895;-0,0843917328519517;-12,0000000000001;2256,91999999999;-6,05999999999938;3630,00000000002;12,2089556453187;-13;0,000833333333333333;-0,507988714286228;-4,02358994568434
2011-12-01;25,959999;1257,599976;225,672;98,7699;2208,1;2757,0729;1,32;0,01;1,98;1,47460571643907;0,849656568624102;-0,246956323977976;5,00000000000003;2923,16000000001;53,7400000000005;4369,99999999998;-16,2564591126024;-2,99999999999998;0,000833333333333333;0,848823235290769;1,47377238310574
2012-01-01;29,530001;1312,410034;226,665;99,3672;2209,2;2767,5828;1,38;0,03;1,97;12,8849876304611;4,26600440016456;0,439053889094776;6,00000000000005;1050,99;59,729999999999;109,999999999991;68,6010213072752;-3;0,0025;4,26350440016456;12,8824876304611
2012-02-01;31,74;1365,680054;227,663;99,6443;2194,5;2748,1834;1,29;0,09;1,97;7,21709854785648;3,97873450206205;0,439330882187683;-9,00000000000007;-1939,94000000002;27,7100000000004;-1469,99999999998;0,0276993092906963;-6,00000000000001;0,0075;3,97123450206205;7,20959854785648
2012-03-01;32,259998;1408,469971;229,392;99,1594;2246;2746,1648;1,24;0,08;2,17;1,62502956025179;3,08514756321125;0,756586514820157;-4,99999999999994;-201,859999999988;-48,4899999999996;5150;31,7255632632474;21;0,00666666666666667;3,07848089654459;1,61836289358512
2012-04-01;32,02;1397,910034;230,085;99,9173;2268,6;2760,0295;1,23;0,08;2,05;-0,746730313221233;-0,752569988430718;0,30164753642703;-0,999999999999979;1386,47000000001;75,7899999999992;2259,99999999999;-45,4938978393127;-12;0,00666666666666667;-0,759236655097385;-0,7533969798879
2012-05-01;29,190001;1310,329956;229,815;100,0956;2248,4;2781,7144;1,27;0,09;1,8;-9,25344884442381;-6,46993080718206;-0,117416843235585;4;2168,48999999997;17,8300000000007;-2019,99999999998;-41,9064379662615;-26;0,0075;-6,47743080718206;-9,26094884442381
2012-06-01;30,59;1362,160034;229,478;100,0478;2271;2795,2744;1,38;0,09;1,62;4,68469390384816;3,87927197835216;-0,14674730965929;10,9999999999999;1355,99999999999;-4,78000000000094;2259,99999999999;-2,93304664237048;-18;0,0075;3,87177197835216;4,67719390384816
2012-07-01;29,469999;1379,319946;229,104;100,3144;2314,6;2803,8106;1,47;0,1;1,53;-3,73003953460223;1,25188848626276;-0,163111540758276;9,00000000000007;853,620000000001;26,6600000000011;4359,99999999999;-1,63642310989864;-10;0,00833333333333333;1,24355515292943;-3,73837286793556
2012-08-01;30,82;1406,579956;230,379;99,9036;2334,6;2843,4646;1,43;0,1;1,68;4,47910670751801;1,95706098725603;0,554972990271807;-4;3965,4;-41,0800000000009;2000;71,8084531030083;15;0,00833333333333333;1,9487276539227;4,47077337418468
2012-09-01;29,76;1440,670044;231,407;99,8944;2358;2854,9229;1,35;0,11;1,72;-3,49986199270789;2,39471188730942;0,445228611589421;-8,00000000000005;1145,83000000002;-0,919999999999277;2340,00000000001;-10,9744378682386;3;0,00916666666666667;2,38554522064275;-3,50902865937455
2012-10-01;28,540001;1412,160034;231,317;100,1192;2416,2;2867,0297;1,11;0,1;1,75;-4,18585628776587;-1,99878425232534;-0,0389000791551908;-24;1210,68;22,4800000000002;5819,99999999998;-48,4128690744612;3,99999999999998;0,00833333333333333;-2,00711758565867;-4,1941896210992
2012-11-01;26,620001;1416,180054;230,221;100,61;2415,2;2887,7391;1,01;0,09;1,65;-6,96437965545273;0,284267279181449;-0,474934700995799;-10;2070,93999999997;49,0799999999993;-100;-43,6034621840609;-8,99999999999999;0,0075;0,276767279181449;-6,97187965545274
2012-12-01;26,709999;1426,189941;229,601;100,9267;2509,8;2918,2581;0,98;0,07;1,72;0,337513915000232;0,70433676117494;-0,269669731212918;-2,99999999999998;3051,90000000002;31,6699999999997;9460,00000000004;20,5264969782881;8,99999999999999;0,00583333333333333;0,698503427841606;0,331680581666898
2013-01-01;27,450001;1498,109985;230,28;100,8779;2481,3;2932,271;0,930000000000001;0,07;1,91;2,73282147027043;4,91977920489255;0,295293997098511;-4,99999999999994;1401,29000000002;-4,88;-2850;56,4963728311429;19;0,00583333333333333;4,91394587155922;2,7269881369371
2013-02-01;27,799999;1514,680054;232,166;101,4265;2455,7;2924,2392;0,95;0,1;1,98;1,2669780339956;1,09999275518655;0,815667323966007;1,99999999999991;-803,18000000002;54,8600000000008;-2560,00000000004;52,0373326867496;3,99999999999998;0,00833333333333333;1,09165942185322;1,25864470066227
2013-03-01;28,610001;1569,189941;232,773;101,8186;2497,2;2919,2361;0,919999999999999;0,09;1,96;2,87203572894645;3,53552938799728;0,261109670244153;-3,00000000000002;-500,30999999999;39,2099999999999;4150;-55,4557653721854;-0,999999999999979;0,0075;3,52802938799728;2,86453572894645
2013-04-01;33,099998;1597,569946;232,531;101,695;2542,3;2930,9847;0,86;0,06;1,76;14,5776879945223;1,79241659146046;-0,104018027706498;-5,99999999999996;1174,85999999999;-12,360000000001;4510,00000000004;-36,5127697950651;-17;0,005;1,78741659146046;14,5726879945223
2013-05-01;34,900002;1630,73999;232,945;101,7517;2518,5;2949,1025;0,84;0,04;1,93;5,29536645549151;2,05502024207274;0,177882472636792;-1,99999999999996;1811,78;5,67000000000064;-2380,00000000002;28,1900500343291;19;0,00333333333333333;2,0516869087394;5,29203312215818
2013-06-01;34,540001;1606,280029;233,504;101,9486;2523,5;2962,2567;0,920000000000001;0,05;2,3;-1,0368784844498;-1,51129288113783;0,239683338419638;8,00000000000005;1315,41999999999;19,6899999999999;500;6,18008657828462;36;0,00416666666666667;-1,51545954780449;-1,04104515111647
2013-07-01;31,84;1685,72998;233,596;101,446;2543,7;2975,7949;0,98;0,04;2,58;-8,13947406942899;4,82777279585402;0,0393919936585441;5,99999999999996;1353,82;-50,2600000000001;2019,99999999998;-20,0291344761094;29;0,00333333333333333;4,82443946252069;-8,14280740276232
2013-08-01;33,400002;1632,969971;233,877;102,1758;2537,4;3013,7468;0,88;0,04;2,74;4,78325988867105;-3,17982675780755;0,120220861459064;-10,0000000000001;3795,19;72,9799999999997;-629,999999999973;8,08288678005198;16;0,00333333333333333;-3,18316009114088;4,77992655533772
2013-09-01;33,279999;1681,550049;234,149;102,6774;2555,7;3033,0343;0,83;0,02;2,81;-0,359937395796228;2,93155912868368;0,116232871944266;-4,99999999999998;1928,74999999999;50,160000000001;1829,99999999997;-0,398798951479762;8,99999999999999;0,00166666666666667;2,92989246201701;-0,361604062462895
2013-10-01;35,41;1756,540039;233,546;102,5438;2618,1;3045,6087;0,779999999999999;0,05;2,62;6,20376802188818;4,36299709750401;-0,257860500592244;-5,00000000000007;1257,44000000004;-13,3600000000001;6240,00000000001;-37,409337253651;-22;0,00416666666666667;4,35883043083734;6,19960135522151
2013-11-01;38,130001;1805,810059;233,069;102,8625;2606,8;3059,2857;0,75;0,07;2,72;7,40071339717288;2,7663290033785;-0,204451278315698;-2,99999999999994;1367,69999999997;31,8699999999993;-1129,99999999997;5,34092222765459;8,00000000000001;0,00583333333333333;2,76049567004516;7,39488006383954
2013-12-01;37,41;1848,359985;233,049;103,1747;2715,4;3093,3858;0,76;0,07;2,9;-1,90633517354861;2,32894740668828;-0,00858151798999174;0,999999999999979;3410,01000000001;31,2200000000004;10860;19,5869760325706;18;0,00583333333333333;2,32311407335494;-1,91216850688195
2014-01-01;37,84;1782,589966;233,916;102,7053;2701,5;3108,5802;0,7;0,04;2,86;1,14286958236227;-3,62314074850154;0,371334466715911;-5,99999999999996;1519,43999999999;-46,9400000000007;-1390,00000000001;37,9915984705903;-1,00000000000002;0,00333333333333333;-3,62647408183487;1,13953624902894
2014-02-01;38,310001;1859,449951;234,781;103,6016;2706;3097,1702;0,649999999999999;0,05;2,71;1,23442406317249;4,2213374879041;0,36910881958816;-5,00000000000007;-1140,99999999999;89,6300000000011;450;-0,222564712775153;-16;0,00416666666666667;4,21717082123743;1,23025739650582
2014-03-01;40,990002;1872,339966;236,293;104,5893;2773;3100,0784;0,68;0,05;2,72;6,7617198493231;0,690824861534711;0,641939564605654;3,00000000000002;290,819999999985;98,769999999999;6700;27,2830745017494;0,999999999999979;0,00416666666666667;0,686658194868045;6,75755318265643
2014-04-01;40,400002;1883,949951;237,072;104,7423;2809,6;3126,0468;0,66;0,03;2,71;-1,44983488365797;0,618164317838321;0,32913320724326;-1,99999999999996;2596,84000000002;15,3000000000006;3659,99999999999;-31,2806357362394;1,00000000000002;0,0025;0,615664317838321;-1,45233488365797
2014-05-01;40,939999;1923,569946;237,9;105,0571;2782,2;3148,6948;0,6;0,03;2,56;1,32777213351005;2,08121959543162;0,348652484253265;-6,00000000000005;2264,80000000001;31,4800000000005;-2740,00000000001;1,9519277010005;-15;0,0025;2,07871959543162;1,32527213351005
2014-06-01;41,700001;1960,22998;238,343;105,4084;2824,8;3167,4747;0,55;0,04;2,6;1,83935969784166;1,88789966247045;0,186039533503379;-4,99999999999998;1877,99;35,1299999999995;4260,00000000004;-16,2612950749885;3,00000000000002;0,00333333333333333;1,88456632913712;1,83602636450832
2014-07-01;43,16;1930,670044;238,25;105,5609;2841,2;3188,1878;0,57;0,03;2,54;3,44129876043633;-1,51946873705358;-0,0390270109633661;2,00000000000005;2071,30999999999;15,2500000000003;1639,99999999996;-22,5066544466745;-5,00000000000003;0,0025;-1,52196873705358;3,43879876043633
2014-08-01;45,43;2003,369995;237,852;105,4797;2790,2;3226,926;0,61;0,03;2,42;5,1258539381378;3,69636443211681;-0,167191103045283;4;3873,81999999998;-8,12000000000097;-5100;-12,8164092081917;-12;0,0025;3,69386443211681;5,1233539381378
2014-09-01;46,360001;1972,290039;238,031;105,7908;2834,6;3246,1269;0,69;0,02;2,53;2,02643602705579;-1,56354360784841;0,0752285786387752;7,99999999999992;1920,09000000003;31,110000000001;4440,00000000001;24,2419681684058;12;0,00166666666666667;-1,56521027451507;2,02476936038912
2014-10-01;46,950001;2018,050049;237,433;105,8154;2865;3252,9523;0,77;0,02;2,3;1,26461869116561;2,29363989464222;-0,251543887788408;8,0000000000001;682,539999999972;2,45999999999924;3040,00000000001;-32,6772466427183;-23;0,00166666666666667;2,29197322797555;1,26295202449894
2014-11-01;47,810001;2067,560059;236,151;106,663;2861,1;3268,1205;0,87;0,02;2,33;1,81516166006119;2,4237473674626;-0,54140474825477;9,99999999999996;1516,82000000001;84,76;-390,000000000009;-28,9860860466362;3,00000000000002;0,00166666666666667;2,42208070079594;1,81349499339453
2014-12-01;46,450001;2058,899902;234,812;106,5032;2992;3314,5671;0,95;0,03;2,21;-2,88583567657654;-0,419738458457175;-0,568623695642501;8,00000000000001;4644,66000000002;-15,979999999999;13090;-2,72189473877305;-13;0,0025;-0,422238458457175;-2,88833567657654
2015-01-01;40,400002;1994,98999;233,707;105,8772;2941,1;3324,2097;0,99;0,03;1,88;-13,9546652316319;-3,15327792169491;-0,471699994604968;4;964,259999999967;-62,6000000000005;-5090,00000000001;9,69237010375323;-33;0,0025;-3,15577792169491;-13,9571652316319
2015-02-01;43,849998;2104,5;234,722;105,4193;2979,6;3312,5773;0,9;0,02;1,98;8,19448387361033;5,34388764431091;0,433364112175916;-9,00000000000003;-1163,24;-45,7899999999995;3850;90,5064106780884;11;0,00166666666666667;5,34222097764424;8,19281720694366
2015-03-01;40,66;2067,889893;236,119;105,0856;3023,9;3319,7104;0,9;0,03;2,04;-7,55298650079563;-1,75491972299513;0,593408007974361;0;713,310000000001;-33,3700000000007;4430,00000000002;16,0043895798445;4,99999999999998;0,0025;-1,75741972299513;-7,55548650079563
2015-04-01;48,639999;2085,51001;236,599;104,5604;3035,4;3343,7291;0,96;0,02;1,94;17,92014088985;0,848472245300602;0,203080976382353;6,00000000000005;2401,87000000001;-52,5199999999998;1150;-39,0327031592008;-8,99999999999999;0,00166666666666667;0,846805578633935;17,9184742231834
2015-05-01;46,860001;2107,389893;237,805;104,0675;2975,9;3366,1704;0,91;0,02;2,2;-3,72817626788895;1,04367297631427;0,508428511529946;-5,00000000000007;2244,13;-49,2900000000006;-5950;30,5347535147593;26;0,00166666666666667;1,0420063096476;-3,72984293455562
2015-06-01;44,150002;2063,110107;238,638;103,6891;3020,7;3394,7956;0,94;0,02;2,36;-5,957148206973;-2,12355592764322;0,349674923873433;2,99999999999998;2862,51999999999;-37,8399999999999;4479,99999999997;-15,8753587656513;16;0,00166666666666667;-2,12522259430988;-5,95881487363966
2015-07-01;46,700001;2103,840088;238,654;104,2443;3038,4;3411,9871;1,05;0,03;2,32;5,61512137380462;1,95496832464928;0,00670449117352589;11;1719,14999999999;55,5199999999999;1770,00000000003;-34,2970432699907;-4,99999999999998;0,0025;1,95246832464928;5,61262137380462
2015-08-01;43,52;1972,180054;238,316;104,1318;3022,3;3448,5738;1,15;0,07;2,17;-7,05235835404405;-6,46247308985419;-0,14172801500214;10,0000000000001;3658,67000000003;-11,2499999999997;-1609,99999999999;-14,8432506175666;-19;0,00583333333333333;-6,46830642318753;-7,05819168737739
2015-09-01;44,259998;1920,030029;237,945;103,7281;3016,3;3478,539;1,27;0,02;2,17;1,68606868876875;-2,67987312646527;-0,155796957988574;11,9999999999999;2996,52000000001;-40,3700000000001;-600;-1,40689429864338;4,99999999999998;0,00166666666666667;-2,68153979313194;1,68440202210208
2015-10-01;52,639999;2079,360107;237,838;103,3569;3011,9;3490,047;1,39;0,02;2,07;17,3394978584727;7,97193794951312;-0,0449784888505889;12;1150,79999999998;-37,1200000000002;-440,000000000009;11,0818469137985;-10;0,00166666666666667;7,97027128284645;17,337831191806
2015-11-01;54,349998;2080,409912;237,336;102,7323;3056,2;3507,4938;1,4;0,13;2,26;3,19683087485885;0,050474185711824;-0,211291100422351;1,00000000000007;1744,68000000002;-62,4600000000001;4429,99999999997;-16,6312611571762;8,00000000000001;0,0108333333333333;0,0396408523784907;3,18599754152551
2015-12-01;55,48;2043,939941;236,525;102,2696;3141,1;3413,6115;1,49;0,23;2,24;2,05780186779414;-1,76856585364416;-0,342294804529075;8,99999999999994;-9388,23000000002;-46,2699999999998;8490,00000000001;-13,1003704106725;-12;0,0191666666666667;-1,78773252031082;2,03863520112747
2016-01-01;55,09;1940,23999;236,916;103,0314;3094,3;3425,8763;1,45;0,26;2,09;-0,705438396200631;-5,20676172275349;0,16517373395839;-3,99999999999996;1226,47999999999;76,1800000000008;-4679,99999999997;50,7468538487466;-18;0,0216666666666667;-5,22842838942016;-0,727105062867297
2016-02-01;50,880001;1932,22998;237,111;102,3429;3097,4;3411,21;1,38;0,31;1,78;-7,94982727986704;-0,413690563679125;0,082273799171606;-7,00000000000003;-1466,62999999999;-68,8500000000005;309,999999999991;-8,28999347867843;-36;0,0258333333333333;-0,439523897012459;-7,97566061320037
2016-03-01;55,23;2059,73999;238,132;101,5415;3181,2;3420,9296;1,31;0,3;1,89;8,2036345227142;6,39049904156357;0,429675585255307;-6,99999999999998;971,95999999999;-80,1400000000001;8379,99999999997;34,7401786083701;12;0,025;6,36549904156357;8,1786345227142
2016-04-01;49,869999;2065,300049;239,261;101,7479;3236,5;3444,5581;1,17;0,23;1,81;-10,2086684407201;0,269576164816421;0,472986451328605;-14;2362,85000000003;20,6400000000002;5530,00000000002;4,33108660732984;-1;0,0191666666666667;0,250409498149754;-10,2278351073868
2016-05-01;53;2096,949951;240,229;101,6011;3237,3;3469,4721;1,03;0,28;1,81;6,08723140462266;1,52083666453393;0,403762879335812;-14;2491,39999999998;-14,6799999999999;80,0000000000182;-6,92235719927936;-5;0,0233333333333333;1,4975033312006;6,06389807128933
2016-06-01;51,169998;2098,860107;241,018;101,9476;3250,1;3488,4763;1,03;0,27;1,64;-3,51385298205238;0,0910506484116169;0,327898441726049;4,44089209850063e-14;1900,41999999999;34,6499999999992;1279,99999999997;-7,58644376097628;-16;0,0225;0,0685506484116169;-3,53635298205238
2016-07-01;56,68;2173,600098;240,628;102,1435;3248,5;3504,6528;0,94;0,3;1,5;10,2268031090881;3,49904330502033;-0,161944700146854;-9,00000000000003;1617,65;19,5900000000009;-159,999999999991;-48,9843141872903;-17;0,025;3,47404330502033;10,2018031090881
2016-08-01;57,459999;2170,949951;240,849;102,0654;3323;3551,9121;0,92;0,3;1,56;1,36676213252525;-0,121998701767012;0,0918008609010812;-1,99999999999996;4725,93000000002;-7,81000000000063;7450;25,3745561047936;6,00000000000001;0,025;-0,146998701767012;1,34176213252525
2016-09-01;57,599998;2168,27002;241,428;101,9304;3300,9;3573,324;0,899999999999999;0,29;1,63;0,24334968318902;-0,123521340639687;0,24011108892914;-2,00000000000009;2141,19000000001;-13,4999999999991;-2209,99999999999;14,8310228028059;8,00000000000001;0,0241666666666667;-0,147688007306354;0,219183016522354
2016-10-01;59,919998;2126,149902;241,729;102,0557;3330,7;3589,4213;0,87;0,33;1,76;3,9487772851504;-1,96168374213368;0,124597196745757;-2,99999999999994;1609,72999999999;12,5299999999996;2979,99999999997;-11,5513892183383;8,99999999999999;0,0275;-1,98918374213368;3,9212772851504
2016-11-01;60,259998;2198,810059;241,353;101,8293;3327,3;3613,8087;0,85;0,45;2,14;0,565819468151663;3,36035453908705;-0,155667185251307;-2;2438,74000000001;-22,6399999999998;-339,999999999964;-28,0264381997064;26;0,0375;3,32285453908705;0,528319468151663
2016-12-01;62,139999;2238,830078;241,432;102,7877;3383;3644,1997;0,77;0,51;2,49;3,07213873595646;1,80371110586872;0,032726783435777;-7,99999999999996;3039,10000000001;95,8399999999997;5569,99999999998;18,8393968687084;29;0,0425;1,76121110586872;3,02963873595646
2017-01-01;64,650002;2278,870117;242,839;102,5393;3380,6;3654,2233;0,74;0,52;2,43;3,95982482814663;1,77263145946185;0,581081237161563;-3,00000000000002;1002,36;-24,8400000000004;-240,000000000009;54,8354453725786;-7,00000000000005;0,0433333333333333;1,72929812612852;3,9164914948133
2017-02-01;63,98;2363,639893;243,603;102,1574;3339,4;3641,8291;0,69;0,53;2,42;-1,04176016323017;3,65230009990398;0,314117871482811;-5,00000000000007;-1239,42000000002;-38,1900000000002;-4119,99999999998;-26,6963365678752;-1,99999999999998;0,0441666666666667;3,60813343323732;-1,08592682989683
2017-03-01;65,860001;2362,719971;243,801;102,7236;3460,6;3640,1062;0,67;0,75;2,48;2,89607576105686;-0,0389272944967267;0,0812467730637145;-1,99999999999996;-172,289999999975;56,6200000000009;12120;-23,2871098419096;-16;0,0625;-0,101427294496727;2,83357576105686
2017-04-01;68,459999;2384,199951;244,524;103,7148;3466,2;3656,7841;0,7;0,81;2,3;3,87183263630284;0,90501322804597;0,296114484531707;3,00000000000002;1667,78999999997;99,1199999999992;559,999999999991;21,4867711467992;-24;0,0675;0,83751322804597;3,80433263630284
2017-05-01;69,839996;2411,800049;244,733;103,7121;3496,7;3679,653;0,7;0,9;2,3;1,99572357626074;1,15097592543334;0,0854356760201291;-4,44089209850063e-14;2286,88999999999;-0,269999999999015;3050;-21,0678808511577;-8,99999999999999;0,075;1,07597592543334;1,92072357626074
2017-06-01;68,93;2423,409912;244,955;103,771;3501,7;3695,3821;0,69;1;2,19;-1,31153573600162;0,480222592410762;0,0906699838300717;-0,999999999999979;1572,91;5,88999999999942;500;0,523430780994261;-21;0,0833333333333333;0,396889259077428;-1,39486906933496
2017-07-01;72,699997;2470,300049;244,786;103,6206;3532,8;3709,1421;0,69;1,09;2,32;5,32498463764375;1,91640176618098;-0,0690160744999169;-4,44089209850063e-14;1376,00000000002;-15,0400000000005;3110,00000000004;-15,9686058329989;4,00000000000003;0,0908333333333333;1,82556843284764;5,23415130431041
2017-08-01;74,769997;2471,649902;245,519;103,1956;3567,6;3741,9336;0,68;1,03;2,21;2,80753516147811;0,0546283571041251;0,29899778549396;-0,999999999999979;3279,14999999998;-42,4999999999997;3479,99999999997;36,8013859993876;-5,00000000000003;0,0858333333333333;-0,0312049762292083;2,72170182814478
2017-09-01;74,489998;2519,360107;246,819;103,176;3526,2;3753,9943;0,67;1,05;2,2;-0,375183354983566;1,91190393239795;0,528093716605582;-0,999999999999979;1206,07;-1,9599999999997;-4140,00000000001;22,9095931111623;-2,99999999999998;0,0875;1,82440393239795;-0,462683354983566
2017-10-01;83,18;2575,26001;246,663;104,7647;3582,4;3771,3021;0,72;1,09;2,36;11,0342072975822;2,19455602903045;-0,0632241926540544;5,00000000000003;1730,78;158,87;5620,00000000003;-59,1317909259637;12;0,0908333333333333;2,10372269569711;10,9433739642489
2017-11-01;84,169998;2584,840088;246,669;105,2943;3580,8;3804,8885;0,7;1,25;2,35;1,18316051472842;0,371314076281326;0,00243243900674983;-2,00000000000005;3358,64000000001;52,9600000000002;-159,999999999991;6,56566316608043;-17;0,104166666666667;0,267147409614659;1,07899384806175
2017-12-01;85,540001;2673,610107;246,524;105,7183;3636,4;3834,5986;0,71;1,34;2,4;1,61455750271502;3,37660146098901;-0,0588005118393298;1,00000000000002;2971,00999999998;42,3999999999992;5559,99999999999;-6,12329508460796;-3,99999999999998;0,111666666666667;3,26493479432235;1,50289083604835
2018-01-01;95,010002;2823,810059;247,867;105,3141;3635,4;3843,4212;0,71;1,43;2,58;10,4998055779874;5,46573986599865;0,543296016088046;0;882,260000000042;-40,4200000000003;-100;60,2096527927376;8,99999999999999;0,119166666666667;5,34657319933199;10,3806389113208
2018-02-01;93,769997;2713,830078;248,991;105,7465;3557,3;3826,8804;0,69;1,59;2,86;-1,31372268307155;-3,97261077880096;0,452443924585122;-2;-1654,08000000002;43,2400000000001;-7809,99999999999;-9,08520915029243;12;0,1325;-4,10511077880096;-1,44622268307155
2018-03-01;91,269997;2640,870117;249,554;106,5387;3684,7;3823,9911;0,77;1,73;2,84;-2,70228297790807;-2,72524973918795;0,22585734059275;8,00000000000001;-288,929999999982;79,2200000000008;12740;-22,6586583992372;-16;0,144166666666667;-2,86941640585462;-2,84644964457473
